부지,형상,날짜,위성,tier,구름pct,KST,기준선C,기준n,ΔR0내부,Δ0-1km,유효0-1km,Δ1-2km,유효1-2km,Δ2-3km,유효2-3km,Δ3-5km,유효3-5km,Δ5-10km,유효5-10km
광양·제철,폴리곤,2020-06-08,LC08,T1,7.13,11시,32.2,846190,11.45,7.37,0.22,5.22,0.28,4.6,0.44,2.6,0.48,0.72,0.62
광양·제철,폴리곤,2021-07-29,LC08,T1,19.83,11시,36.5,49454,,,0.0,3.95,0.01,5.81,0.05,0.21,0.09,-1.43,0.06
광양·제철,폴리곤,2023-08-20,LC08,T1,11.32,11시,38.4,106506,4.41,0.06,0.0,8.94,0.02,-1.93,0.11,-0.3,0.13,0.05,0.1
광양·제철,폴리곤,2024-06-03,LC08,T1,18.8,11시,31.7,160717,6.8,4.21,0.12,2.85,0.14,3.46,0.19,2.09,0.13,0.8,0.07
광양·제철,폴리곤,2024-08-06,LC08,T1,16.98,11시,39.8,77370,,,0.0,0.51,0.01,5.84,0.04,9.83,0.03,2.27,0.06
광양·제철,폴리곤,2025-07-24,LC08,T1,2.37,11시,34.7,881033,11.55,6.42,0.37,4.82,0.35,4.36,0.46,2.71,0.48,0.95,0.63
광양·제철,폴리곤,2025-08-25,LC08,T1,19.42,11시,36.8,62762,11.02,10.75,0.03,,0.0,,0.0,10.71,0.0,-0.96,0.03
광양·제철,폴리곤,2023-07-27,LC09,T1,16.31,11시,36.4,39566,5.05,4.5,0.04,9.21,0.03,10.18,0.03,-0.63,0.01,2.61,0.01
광양·제철,폴리곤,2024-07-29,LC09,T1,20.27,11시,35.8,177614,6.17,5.83,0.01,4.39,0.01,5.26,0.16,0.83,0.25,0.49,0.17
광양·제철,폴리곤,2024-08-14,LC09,T1,17.14,11시,36.7,737690,13.87,9.5,0.27,7.29,0.26,7.52,0.4,3.76,0.42,1.73,0.6
광양·제철,폴리곤,2024-08-30,LC09,T1,7.84,11시,37.4,689056,14.88,8.42,0.34,6.11,0.41,5.91,0.49,3.95,0.48,1.2,0.53
광양·제철,폴리곤,2025-08-01,LC09,T1,3.83,11시,36.1,878025,13.95,7.95,0.34,4.99,0.37,5.28,0.48,2.92,0.52,0.9,0.65
광양·제철,폴리곤,2025-08-17,LC09,T1,16.6,11시,33.5,888879,13.18,7.31,0.42,5.26,0.44,4.99,0.56,3.0,0.61,1.11,0.69
여수·석화,점,2020-06-08,LC08,T1,7.13,11시,33.6,452097,,6.82,0.98,6.99,0.66,1.73,0.53,0.09,0.7,0.04,0.63
여수·석화,점,2021-07-29,LC08,T1,19.83,11시,34.4,74933,,,0.0,,0.0,,0.0,9.13,0.05,4.38,0.12
여수·석화,점,2023-08-20,LC08,T1,11.32,11시,38.1,104992,,,0.0,,0.0,7.09,0.1,2.89,0.09,3.88,0.06
여수·석화,점,2024-06-03,LC08,T1,18.8,11시,32.3,126799,,,0.0,,0.0,1.72,0.03,1.52,0.05,1.04,0.15
여수·석화,점,2024-08-06,LC08,T1,16.98,11시,39.0,115940,,,0.0,,0.0,,0.0,4.63,0.0,7.94,0.06
여수·석화,점,2025-07-24,LC08,T1,2.37,11시,35.8,511414,,7.98,0.99,7.44,0.84,2.99,0.7,0.44,0.76,1.04,0.72
여수·석화,점,2025-08-25,LC08,T1,19.42,11시,38.0,48469,,,0.0,,0.0,,0.0,,0.0,0.48,0.01
여수·석화,점,2023-07-27,LC09,T1,16.31,11시,37.5,26738,,,0.0,,0.0,,0.0,-0.07,0.05,2.62,0.04
여수·석화,점,2024-07-29,LC09,T1,20.27,11시,34.6,124832,,8.05,0.38,6.59,0.12,6.59,0.02,4.5,0.02,2.64,0.14
여수·석화,점,2024-08-14,LC09,T1,17.14,11시,38.5,460258,,9.12,0.16,10.07,0.43,2.99,0.39,2.92,0.35,2.14,0.43
여수·석화,점,2024-08-30,LC09,T1,7.84,11시,38.8,442746,,9.16,0.77,8.98,0.63,2.99,0.59,1.44,0.57,1.02,0.58
여수·석화,점,2025-08-01,LC09,T1,3.83,11시,37.5,491587,,9.13,0.8,8.9,0.68,2.6,0.68,-0.2,0.72,0.57,0.63
여수·석화,점,2025-08-17,LC09,T1,16.6,11시,34.7,541468,,9.48,0.69,8.48,0.61,4.72,0.52,1.45,0.69,1.45,0.67
울산미포,폴리곤,2020-08-20,LC08,T1,0.32,10시,33.5,662766,13.4,6.85,0.54,5.18,0.54,4.63,0.5,4.91,0.51,2.24,0.5
울산미포,폴리곤,2021-08-07,LC08,T1,19.4,10시,33.9,23579,13.65,6.44,0.3,3.92,0.38,4.6,0.24,4.92,0.27,2.13,0.11
울산미포,폴리곤,2022-08-26,LC08,T1,8.56,10시,29.1,662272,13.59,7.27,0.56,5.16,0.55,4.44,0.5,4.57,0.51,1.91,0.5
울산미포,폴리곤,2024-06-12,LC08,T1,14.97,10시,32.0,593612,11.26,5.14,0.38,3.89,0.48,3.68,0.45,4.06,0.49,1.84,0.44
울산미포,폴리곤,2024-06-28,LC08,T1,20.42,10시,31.1,339418,11.49,5.27,0.13,5.13,0.09,6.06,0.09,4.18,0.19,2.33,0.16
울산미포,폴리곤,2024-08-31,LC08,T1,4.52,10시,31.5,502319,12.73,6.69,0.5,4.84,0.5,4.55,0.46,4.49,0.44,1.88,0.41
울산미포,폴리곤,2025-08-02,LC08,T1,12.62,10시,35.1,555742,11.27,5.35,0.47,3.81,0.5,3.47,0.46,4.14,0.47,1.79,0.43
울산미포,폴리곤,2022-07-01,LC09,T1,9.19,10시,34.3,604627,11.32,5.24,0.46,4.07,0.5,4.37,0.48,4.76,0.46,1.93,0.47
울산미포,폴리곤,2023-06-02,LC09,T1,19.19,10시,28.8,613648,10.66,5.19,0.41,3.43,0.47,2.93,0.48,3.0,0.45,1.64,0.48
울산미포,폴리곤,2023-08-05,LC09,T1,8.9,10시,36.2,111240,9.39,1.77,0.12,1.25,0.14,7.24,0.06,3.13,0.03,-0.53,0.03
울산미포,폴리곤,2023-08-21,LC09,T1,17.53,10시,33.8,35674,10.07,3.85,0.14,6.09,0.05,7.84,0.04,3.62,0.06,3.31,0.02
울산미포,폴리곤,2024-08-07,LC09,T1,13.71,10시,36.7,223733,10.82,3.12,0.1,-0.71,0.09,-4.3,0.01,7.54,0.06,2.97,0.08
울산미포,폴리곤,2024-08-23,LC09,T1,9.73,10시,33.2,407193,13.86,6.39,0.29,3.39,0.21,2.25,0.15,4.46,0.25,2.08,0.28
울산미포,폴리곤,2025-06-23,LC09,T1,5.28,10시,30.4,587682,12.6,5.99,0.48,4.1,0.53,3.77,0.5,3.83,0.5,1.66,0.47
울산미포,폴리곤,2025-07-09,LC09,T1,13.42,10시,32.0,338998,13.5,9.06,0.08,7.53,0.13,5.4,0.13,5.9,0.02,2.14,0.1
울산미포,폴리곤,2025-07-25,LC09,T1,2.7,10시,33.4,101099,14.02,8.46,0.24,5.12,0.21,6.42,0.19,6.24,0.18,1.59,0.13
온산,폴리곤,2020-08-20,LC08,T1,0.32,10시,34.0,587181,10.48,4.22,0.54,4.84,0.51,3.48,0.54,3.89,0.49,3.62,0.48
온산,폴리곤,2021-08-07,LC08,T1,19.4,10시,35.1,85250,11.48,2.28,0.14,2.96,0.19,2.31,0.24,3.36,0.19,4.43,0.17
온산,폴리곤,2022-08-26,LC08,T1,8.56,10시,29.4,584330,10.66,4.88,0.56,5.45,0.52,3.79,0.56,4.07,0.5,3.76,0.49
온산,폴리곤,2024-06-12,LC08,T1,14.97,10시,32.1,527705,10.31,3.41,0.43,4.08,0.4,2.8,0.45,3.19,0.42,3.42,0.36
온산,폴리곤,2024-06-28,LC08,T1,20.42,10시,31.9,196309,11.75,5.9,0.05,9.26,0.02,4.84,0.05,8.47,0.06,3.1,0.05
온산,폴리곤,2024-08-31,LC08,T1,4.52,10시,31.8,529909,9.8,4.59,0.4,4.75,0.41,3.68,0.48,3.62,0.46,3.26,0.46
온산,폴리곤,2025-08-02,LC08,T1,12.62,10시,35.3,466602,10.77,3.72,0.46,3.7,0.46,2.71,0.51,3.06,0.45,2.92,0.45
온산,폴리곤,2020-08-20,LC08,T1,0.66,10시,32.9,232742,12.95,4.61,0.3,5.28,0.21,1.74,0.27,2.69,0.27,2.01,0.19
온산,폴리곤,2022-07-09,LC08,T1,8.08,10시,31.6,41283,,,0.0,,0.0,,0.0,0.65,0.0,0.03,0.02
온산,폴리곤,2023-08-13,LC08,T1,8.38,10시,33.8,25801,9.11,2.49,0.11,0.21,0.01,-2.48,0.1,-1.53,0.14,1.65,0.04
온산,폴리곤,2024-06-12,LC08,T1,12.3,10시,31.3,198008,11.54,4.02,0.25,5.1,0.16,1.45,0.24,2.17,0.24,2.43,0.12
온산,폴리곤,2024-07-30,LC08,T1,1.56,10시,35.2,219573,16.25,5.64,0.16,6.04,0.12,1.92,0.2,3.17,0.22,3.01,0.18
온산,폴리곤,2024-08-31,LC08,T1,0.85,10시,30.2,212491,12.13,5.39,0.11,5.62,0.1,2.13,0.17,2.77,0.21,2.23,0.17
온산,폴리곤,2025-08-02,LC08,T1,7.94,10시,35.0,158925,12.23,3.91,0.24,4.05,0.17,0.57,0.23,1.43,0.24,1.53,0.17
온산,폴리곤,2022-07-01,LC09,T1,9.19,10시,34.6,525839,10.14,3.2,0.45,4.05,0.44,2.32,0.51,2.92,0.43,2.69,0.46
온산,폴리곤,2023-06-02,LC09,T1,19.19,10시,29.2,539807,8.76,3.54,0.44,2.93,0.31,2.69,0.43,3.48,0.46,2.97,0.45
온산,폴리곤,2023-08-05,LC09,T1,8.9,10시,35.6,38483,11.42,9.3,0.01,3.19,0.07,1.92,0.11,3.22,0.04,3.57,0.06
온산,폴리곤,2023-08-21,LC09,T1,17.53,10시,37.7,33505,5.52,0.53,0.02,,0.0,,0.0,2.06,0.03,2.41,0.03
온산,폴리곤,2024-08-07,LC09,T1,13.71,10시,37.2,133264,11.58,2.74,0.14,2.28,0.05,0.62,0.12,-0.27,0.11,2.65,0.09
온산,폴리곤,2024-08-23,LC09,T1,9.73,10시,33.6,322941,12.32,5.03,0.32,5.88,0.31,3.0,0.26,2.91,0.21,3.53,0.22
온산,폴리곤,2025-06-23,LC09,T1,5.28,10시,30.5,528789,10.56,3.71,0.48,3.91,0.44,2.72,0.52,3.33,0.48,3.6,0.43
온산,폴리곤,2025-07-09,LC09,T1,13.42,10시,31.9,285258,,,0.0,12.17,0.0,8.91,0.03,7.85,0.04,5.18,0.1
온산,폴리곤,2025-07-25,LC09,T1,2.7,10시,34.8,105293,12.78,5.49,0.15,10.15,0.1,3.85,0.18,6.8,0.12,5.36,0.13
온산,폴리곤,2023-06-02,LC09,T1,19.63,10시,28.9,179508,11.09,3.69,0.17,2.95,0.11,2.01,0.21,2.62,0.23,2.21,0.17
온산,폴리곤,2024-08-07,LC09,T1,4.69,10시,36.9,54286,12.04,3.12,0.14,-0.22,0.04,-0.91,0.09,-0.29,0.1,3.14,0.05
온산,폴리곤,2025-07-25,LC09,T1,4.17,10시,36.3,24564,12.11,1.92,0.16,1.14,0.12,-2.52,0.16,-1.2,0.07,1.67,0.04
포항·제철,점,2020-08-20,LC08,T1,0.32,10시,33.3,624745,,14.89,0.83,10.26,0.51,9.53,0.52,10.35,0.54,3.02,0.7
포항·제철,점,2021-08-07,LC08,T1,19.4,10시,35.8,14386,,,0.0,,0.0,10.72,0.01,7.49,0.13,-0.21,0.11
포항·제철,점,2022-08-26,LC08,T1,8.56,10시,29.1,568541,,15.69,0.29,9.61,0.16,9.22,0.51,9.58,0.54,2.34,0.67
포항·제철,점,2024-06-12,LC08,T1,14.97,10시,33.0,604640,,17.75,0.58,12.09,0.46,10.29,0.52,11.33,0.5,3.56,0.67
포항·제철,점,2024-06-28,LC08,T1,20.42,10시,30.8,519162,,16.23,0.72,12.77,0.42,10.71,0.52,12.02,0.51,4.03,0.6
포항·제철,점,2024-08-31,LC08,T1,4.52,10시,33.7,308480,,16.26,0.82,10.62,0.5,8.83,0.51,8.75,0.45,2.19,0.4
포항·제철,점,2025-08-02,LC08,T1,12.62,10시,36.0,536086,,20.82,0.57,14.84,0.43,12.99,0.46,13.11,0.51,4.15,0.67
포항·제철,점,2022-07-01,LC09,T1,9.19,10시,35.1,561903,,19.13,0.5,14.32,0.39,11.18,0.52,11.87,0.47,3.47,0.57
포항·제철,점,2023-06-02,LC09,T1,19.19,10시,28.6,569507,,16.71,0.8,11.63,0.45,9.67,0.43,9.69,0.5,2.63,0.59
포항·제철,점,2023-08-05,LC09,T1,8.9,10시,36.1,248192,,16.02,0.41,13.84,0.15,10.64,0.27,11.12,0.26,2.82,0.38
포항·제철,점,2023-08-21,LC09,T1,17.53,10시,34.1,139676,,,0.0,,0.0,,0.0,8.15,0.01,3.43,0.08
포항·제철,점,2024-08-07,LC09,T1,13.71,10시,36.7,205632,,,0.0,,0.0,,0.0,12.26,0.14,3.58,0.17
포항·제철,점,2024-08-23,LC09,T1,9.73,10시,35.0,589661,,17.92,0.7,13.59,0.43,11.33,0.5,11.67,0.54,3.64,0.68
포항·제철,점,2025-06-23,LC09,T1,5.28,10시,31.5,559506,,19.76,0.69,12.18,0.27,10.02,0.31,10.76,0.48,3.38,0.64
포항·제철,점,2025-07-09,LC09,T1,13.42,10시,34.1,285342,,16.0,0.79,12.98,0.43,10.45,0.47,10.41,0.43,2.91,0.43
포항·제철,점,2025-07-25,LC09,T1,2.7,10시,33.1,306099,,17.13,0.42,15.42,0.28,12.74,0.39,13.35,0.49,4.89,0.47
구미·전자,폴리곤,2020-08-20,LC08,T1,0.32,10시,32.8,664807,12.09,6.2,0.7,6.04,0.69,4.47,0.6,2.96,0.51,1.71,0.63
구미·전자,폴리곤,2021-08-07,LC08,T1,19.4,10시,35.2,321855,,,0.0,,0.0,,0.0,,0.0,1.7,0.05
구미·전자,폴리곤,2022-08-26,LC08,T1,8.56,10시,27.9,203469,8.9,5.09,0.19,5.15,0.22,5.01,0.24,3.02,0.22,1.6,0.16
구미·전자,폴리곤,2024-06-12,LC08,T1,14.97,10시,32.7,876797,14.89,7.57,0.9,7.37,0.9,6.16,0.92,4.98,0.92,2.42,0.97
구미·전자,폴리곤,2024-06-28,LC08,T1,20.42,10시,31.3,899807,13.74,6.7,0.9,6.69,0.92,5.22,0.93,3.95,0.93,2.21,0.93
구미·전자,폴리곤,2024-08-31,LC08,T1,4.52,10시,32.3,663043,12.61,6.53,0.63,5.94,0.66,5.16,0.64,3.5,0.64,1.4,0.61
구미·전자,폴리곤,2025-08-02,LC08,T1,12.62,10시,39.3,82780,14.57,7.96,0.1,,0.0,,0.0,4.12,0.0,2.19,0.07
구미·전자,폴리곤,2020-06-08,LC08,T1,1.55,11시,32.3,1123929,13.39,6.27,0.9,6.37,0.92,5.66,0.91,4.54,0.93,2.21,0.97
구미·전자,폴리곤,2023-06-17,LC08,T1,7.75,11시,29.5,1172822,9.36,2.73,0.89,3.07,0.91,2.58,0.93,1.76,0.93,0.46,0.95
구미·전자,폴리곤,2024-06-03,LC08,T1,18.74,11시,30.3,44930,,7.02,0.05,13.97,0.05,6.41,0.07,2.63,0.1,0.91,0.05
구미·전자,폴리곤,2024-08-06,LC08,T1,20.04,11시,37.3,127687,15.21,5.39,0.29,3.82,0.18,9.32,0.15,3.53,0.19,2.8,0.15
구미·전자,폴리곤,2022-07-01,LC09,T1,9.19,10시,34.1,529628,13.12,6.52,0.82,7.55,0.67,6.19,0.67,4.42,0.54,1.96,0.58
구미·전자,폴리곤,2023-06-02,LC09,T1,19.19,10시,28.2,897332,14.6,8.05,0.49,6.53,0.76,5.54,0.83,4.01,0.86,2.36,0.83
구미·전자,폴리곤,2023-08-05,LC09,T1,8.9,10시,36.6,57572,,10.92,0.02,16.57,0.07,16.82,0.09,7.58,0.05,7.14,0.03
구미·전자,폴리곤,2023-08-21,LC09,T1,17.53,10시,37.4,6201,,3.03,0.0,,0.0,,0.0,,0.0,-0.4,0.0
구미·전자,폴리곤,2024-08-07,LC09,T1,13.71,10시,37.4,13360,,,0.0,16.32,0.0,15.38,0.01,3.83,0.07,3.46,0.03
구미·전자,폴리곤,2024-08-23,LC09,T1,9.73,10시,33.2,533375,15.7,5.67,0.42,5.36,0.57,5.89,0.54,4.48,0.58,2.24,0.58
구미·전자,폴리곤,2025-06-23,LC09,T1,5.28,10시,29.1,874827,14.15,6.77,0.83,6.58,0.85,5.59,0.87,4.28,0.87,2.35,0.89
구미·전자,폴리곤,2025-07-09,LC09,T1,13.42,10시,34.5,885471,15.6,7.93,0.9,7.78,0.94,6.25,0.94,4.92,0.92,2.4,0.97
구미·전자,폴리곤,2025-07-25,LC09,T1,2.7,10시,34.7,799187,15.38,7.15,0.9,7.02,0.94,5.81,0.87,4.34,0.82,2.15,0.83
구미·전자,폴리곤,2022-06-22,LC09,T1,13.34,11시,35.1,710731,14.99,7.83,0.9,8.03,0.94,7.06,0.94,5.54,0.88,2.77,0.77
구미·전자,폴리곤,2023-06-09,LC09,T1,8.53,11시,29.0,533097,14.33,7.2,0.69,8.14,0.63,7.39,0.63,5.38,0.54,3.08,0.57
구미·전자,폴리곤,2024-06-11,LC09,T1,1.2,11시,31.5,1145065,14.75,7.73,0.82,7.28,0.87,6.34,0.87,4.98,0.89,2.51,0.96
구미·전자,폴리곤,2024-08-14,LC09,T1,3.81,11시,36.0,1067012,17.53,8.48,0.9,8.33,0.94,6.84,0.91,5.33,0.89,3.0,0.9
구미·전자,폴리곤,2025-08-01,LC09,T1,3.32,11시,33.7,1030920,15.47,7.65,0.9,7.58,0.94,6.35,0.93,5.02,0.91,2.37,0.95
당진1철강,폴리곤,2020-07-17,LC08,T1,13.27,11시,32.6,250090,12.16,0.4,0.11,6.27,0.08,3.95,0.04,-0.3,0.06,2.28,0.16
당진1철강,폴리곤,2023-06-24,LC08,T1,16.01,11시,34.4,442947,12.14,4.06,0.28,1.8,0.23,0.11,0.29,1.11,0.23,0.97,0.37
당진1철강,폴리곤,2024-06-26,LC08,T1,2.71,11시,32.6,698043,14.2,7.33,0.55,4.65,0.46,1.94,0.47,0.4,0.44,1.08,0.53
당진1철강,폴리곤,2024-08-13,LC08,T1,8.25,11시,38.6,224146,,,0.0,,0.0,0.54,0.07,-0.32,0.05,-0.61,0.07
당진1철강,폴리곤,2024-08-29,LC08,T1,3.08,11시,34.1,342950,14.45,6.52,0.44,3.71,0.31,2.33,0.3,1.57,0.16,1.3,0.23
당진1철강,폴리곤,2023-06-16,LC09,T1,2.8,11시,34.7,741981,9.07,7.22,0.35,4.99,0.28,1.32,0.45,-0.18,0.42,0.67,0.54
당진1철강,폴리곤,2023-08-19,LC09,T1,17.43,11시,35.5,511177,14.67,11.4,0.21,4.21,0.23,1.04,0.37,-0.22,0.32,0.95,0.37
당진1철강,폴리곤,2024-06-02,LC09,T1,2.4,11시,32.0,729304,12.52,7.09,0.53,4.53,0.43,2.0,0.46,0.28,0.43,0.74,0.51
당진1철강,폴리곤,2024-06-18,LC09,T1,11.86,11시,35.7,761592,11.02,5.67,0.56,3.68,0.47,1.9,0.48,0.34,0.44,1.13,0.55
당진1철강,폴리곤,2025-06-05,LC09,T1,3.73,11시,28.3,169790,12.95,10.46,0.39,6.66,0.41,2.77,0.46,1.02,0.43,2.09,0.18
동해북평,폴리곤,2020-08-20,LC08,T1,4.84,10시,30.9,563878,12.08,9.47,0.66,6.38,0.59,5.69,0.6,4.2,0.59,1.8,0.52
동해북평,폴리곤,2021-06-20,LC08,T1,12.25,10시,25.9,564579,11.5,9.34,0.65,6.91,0.57,5.84,0.6,3.86,0.55,1.71,0.5
동해북평,폴리곤,2021-08-07,LC08,T1,19.47,10시,31.6,7693,10.41,9.47,0.18,3.89,0.05,6.16,0.12,4.77,0.05,1.52,0.0
동해북평,폴리곤,2022-08-10,LC08,T2,7.92,10시,5.9,55766,,,0.0,,0.0,1.02,0.01,-1.27,0.03,0.81,0.01
동해북평,폴리곤,2022-08-26,LC08,T1,4.37,10시,26.5,311885,10.11,8.18,0.77,6.73,0.49,5.65,0.59,4.59,0.47,2.1,0.43
동해북평,폴리곤,2023-07-28,LC08,T1,2.89,10시,34.2,324913,10.19,9.1,0.54,6.0,0.52,5.29,0.54,3.36,0.55,1.19,0.48
동해북평,폴리곤,2024-06-12,LC08,T1,1.37,10시,28.2,560592,13.25,10.6,0.68,8.51,0.58,7.83,0.59,6.14,0.57,3.47,0.53
동해북평,폴리곤,2024-06-28,LC08,T1,19.52,10시,27.0,341226,9.67,8.2,0.63,6.87,0.57,5.01,0.58,2.79,0.56,2.24,0.51
동해북평,폴리곤,2024-08-15,LC08,T1,13.76,10시,35.4,61116,10.77,8.19,0.56,4.84,0.52,3.76,0.53,2.18,0.5,1.05,0.18
동해북평,폴리곤,2020-06-08,LC08,T1,12.27,11시,29.7,549430,12.35,10.15,0.58,6.9,0.51,5.66,0.57,3.71,0.56,2.05,0.52
동해북평,폴리곤,2023-06-17,LC08,T1,1.82,11시,32.3,553751,10.9,8.98,0.64,7.07,0.53,6.25,0.58,4.09,0.57,2.55,0.53
동해북평,폴리곤,2024-06-03,LC08,T1,17.93,11시,23.3,167621,13.27,11.34,0.54,8.18,0.5,6.93,0.52,4.28,0.4,1.55,0.34
동해북평,폴리곤,2024-06-19,LC08,T1,20.14,11시,29.8,520573,2.95,1.93,0.11,-0.53,0.08,2.02,0.09,-1.97,0.15,-0.51,0.4
동해북평,폴리곤,2025-06-22,LC08,T1,12.93,11시,27.2,441593,12.71,10.69,0.62,8.12,0.52,7.3,0.58,5.57,0.57,2.45,0.51
동해북평,폴리곤,2022-07-01,LC09,T1,3.37,10시,33.5,443069,8.16,7.36,0.47,4.48,0.51,3.97,0.55,2.45,0.54,1.2,0.43
동해북평,폴리곤,2023-06-02,LC09,T1,3.15,10시,25.0,304233,10.22,8.62,0.58,5.09,0.5,4.05,0.48,3.52,0.4,1.67,0.32
동해북평,폴리곤,2023-08-05,LC09,T1,3.81,10시,36.5,325622,12.33,11.79,0.51,8.44,0.52,7.02,0.54,4.86,0.49,3.08,0.16
동해북평,폴리곤,2024-06-04,LC09,T1,10.14,10시,22.9,554075,14.13,11.26,0.8,9.02,0.61,7.73,0.61,5.31,0.58,3.41,0.53
동해북평,폴리곤,2024-08-07,LC09,T1,18.03,10시,33.3,38731,,9.21,0.05,5.26,0.06,6.59,0.04,5.38,0.08,3.81,0.13
동해북평,폴리곤,2024-08-23,LC09,T1,12.88,10시,32.7,185175,12.72,10.85,0.47,9.5,0.27,9.23,0.15,6.94,0.2,3.12,0.24
동해북평,폴리곤,2025-06-23,LC09,T1,8.5,10시,31.0,263893,,,0.0,7.47,0.07,5.82,0.34,3.7,0.38,1.17,0.31
동해북평,폴리곤,2025-07-09,LC09,T1,4.76,10시,33.3,180768,11.04,8.67,0.65,6.39,0.59,4.81,0.58,3.94,0.42,2.71,0.24
동해북평,폴리곤,2025-07-25,LC09,T1,0.05,10시,35.2,570117,15.02,12.01,0.81,10.02,0.61,8.84,0.61,6.29,0.59,3.52,0.54
동해북평,폴리곤,2023-06-09,LC09,T1,20.3,11시,25.9,374223,10.21,8.56,0.62,6.54,0.53,5.77,0.56,4.16,0.41,2.63,0.43
동해북평,폴리곤,2024-06-11,LC09,T1,5.06,11시,26.9,503097,11.84,9.76,0.58,6.6,0.51,5.49,0.56,3.12,0.48,1.97,0.49
동해북평,폴리곤,2024-08-14,LC09,T1,6.89,11시,30.9,51503,,7.35,0.12,5.45,0.25,8.64,0.16,1.84,0.13,0.94,0.1
현대제철 인천,점,2020-07-17,LC08,T1,13.27,11시,36.0,207201,,5.71,0.39,5.32,0.56,4.07,0.55,2.0,0.23,0.69,0.16
현대제철 인천,점,2023-06-24,LC08,T1,16.01,11시,36.6,216074,,5.39,0.54,4.28,0.36,3.92,0.48,2.63,0.38,0.45,0.28
현대제철 인천,점,2024-06-26,LC08,T1,2.71,11시,38.0,594229,,5.46,0.64,5.13,0.79,4.81,0.82,2.66,0.57,0.35,0.6
현대제철 인천,점,2024-08-13,LC08,T1,8.25,11시,41.7,133105,,,0.0,,0.0,7.55,0.05,6.87,0.07,1.91,0.08
현대제철 인천,점,2024-08-29,LC08,T1,3.08,11시,39.6,700266,,9.02,0.72,8.04,0.83,7.58,0.9,4.4,0.75,1.51,0.73
현대제철 인천,점,2023-06-16,LC09,T1,2.8,11시,37.5,640592,,5.54,0.64,5.36,0.79,4.85,0.86,2.29,0.69,0.18,0.68
현대제철 인천,점,2023-08-19,LC09,T1,17.43,11시,41.9,573501,,9.87,0.67,9.03,0.83,8.95,0.89,5.23,0.69,2.08,0.7
현대제철 인천,점,2024-06-02,LC09,T1,2.4,11시,35.9,611418,,5.59,0.68,4.84,0.8,4.27,0.86,2.23,0.71,-0.03,0.66
현대제철 인천,점,2024-06-18,LC09,T1,11.86,11시,39.7,598235,,3.86,0.65,3.22,0.75,2.92,0.83,0.85,0.69,-0.57,0.64
현대제철 인천,점,2025-06-05,LC09,T1,3.73,11시,32.5,488521,,2.69,0.5,1.36,0.63,1.75,0.6,0.05,0.44,-0.72,0.4
동국제강 인천,점,2020-07-17,LC08,T1,13.27,11시,36.0,201545,,5.14,0.53,5.13,0.58,4.21,0.52,2.26,0.2,0.75,0.17
동국제강 인천,점,2023-06-24,LC08,T1,16.01,11시,36.6,214843,,5.31,0.57,4.22,0.37,3.96,0.5,2.84,0.39,0.52,0.28
동국제강 인천,점,2024-06-26,LC08,T1,2.71,11시,38.0,593194,,5.08,0.73,4.72,0.8,5.02,0.78,2.87,0.58,0.31,0.6
동국제강 인천,점,2024-08-13,LC08,T1,8.25,11시,41.7,130438,,,0.0,,0.0,7.39,0.05,7.06,0.07,1.84,0.08
동국제강 인천,점,2024-08-29,LC08,T1,3.08,11시,39.6,696625,,8.51,0.78,7.85,0.85,7.8,0.87,4.74,0.76,1.54,0.72
동국제강 인천,점,2023-06-16,LC09,T1,2.8,11시,37.5,637666,,5.16,0.73,5.1,0.81,5.0,0.83,2.54,0.69,0.19,0.67
동국제강 인천,점,2023-08-19,LC09,T1,17.43,11시,41.9,576307,,9.41,0.74,8.78,0.84,9.09,0.87,5.6,0.7,2.09,0.69
동국제강 인천,점,2024-06-02,LC09,T1,2.4,11시,35.9,609505,,5.15,0.76,4.63,0.83,4.34,0.83,2.46,0.71,-0.02,0.65
동국제강 인천,점,2024-06-18,LC09,T1,11.86,11시,39.7,596705,,3.43,0.74,3.0,0.77,3.04,0.8,1.03,0.69,-0.57,0.64
동국제강 인천,점,2025-06-05,LC09,T1,3.73,11시,32.4,489132,,2.02,0.65,1.33,0.64,1.85,0.55,0.44,0.43,-0.69,0.39
심팩 포항,점,2020-08-20,LC08,T1,0.32,10시,33.3,720389,,13.68,1.0,10.72,0.87,9.54,0.88,8.18,0.71,2.13,0.71
심팩 포항,점,2021-08-07,LC08,T1,19.4,10시,35.5,21055,,,0.0,,0.0,1.67,0.03,9.48,0.1,0.63,0.1
심팩 포항,점,2022-08-26,LC08,T1,8.56,10시,29.1,658986,,13.0,1.0,10.18,0.75,7.85,0.72,7.35,0.68,1.4,0.68
심팩 포항,점,2024-06-12,LC08,T1,14.97,10시,32.9,697327,,14.23,1.0,11.76,0.84,10.52,0.85,8.81,0.68,2.29,0.69
심팩 포항,점,2024-06-28,LC08,T1,20.42,10시,30.9,607678,,14.46,1.0,12.09,0.87,11.17,0.87,9.42,0.69,2.93,0.62
심팩 포항,점,2024-08-31,LC08,T1,4.52,10시,33.8,369715,,10.41,0.95,8.62,0.58,10.02,0.52,9.89,0.37,2.13,0.34
심팩 포항,점,2025-08-02,LC08,T1,12.62,10시,36.0,602254,,16.81,1.0,13.68,0.86,12.39,0.87,10.41,0.67,2.76,0.68
심팩 포항,점,2022-07-01,LC09,T1,9.19,10시,35.1,652264,,14.71,1.0,11.42,0.85,11.81,0.7,9.06,0.58,2.15,0.6
심팩 포항,점,2023-06-02,LC09,T1,19.19,10시,28.6,651552,,13.2,1.0,10.99,0.79,10.85,0.65,8.01,0.57,1.65,0.62
심팩 포항,점,2023-08-05,LC09,T1,8.9,10시,36.4,281232,,12.21,0.01,9.71,0.04,10.34,0.15,10.01,0.42,2.37,0.32
심팩 포항,점,2023-08-21,LC09,T1,17.53,10시,34.1,147768,,,0.0,4.86,0.01,6.05,0.1,6.39,0.05,2.38,0.09
심팩 포항,점,2024-08-07,LC09,T1,13.71,10시,36.6,207998,,16.39,0.19,12.98,0.29,9.3,0.36,5.34,0.22,2.1,0.16
심팩 포항,점,2024-08-23,LC09,T1,9.73,10시,35.1,675085,,15.09,1.0,12.17,0.86,10.62,0.87,8.96,0.69,2.05,0.7
심팩 포항,점,2025-06-23,LC09,T1,5.28,10시,31.4,660937,,16.65,0.51,11.53,0.48,10.36,0.7,8.97,0.69,2.22,0.61
심팩 포항,점,2025-07-09,LC09,T1,13.42,10시,34.0,340955,,12.96,0.99,10.91,0.72,9.87,0.73,8.54,0.64,1.75,0.44
심팩 포항,점,2025-07-25,LC09,T1,2.7,10시,33.3,370527,,16.93,0.99,13.52,0.84,11.6,0.74,12.66,0.43,3.32,0.4
