key,중위건축,n,노후91,노후25,반지하%,온열률10만
강원특별자치도 강릉시,2012.0,274,34.67153284671533,48.175182481751825,0.32630547445624175,53.8
강원특별자치도 삼척시,1986.0,33,51.515151515151516,72.72727272727273,0.02642444260941371,39.8
강원특별자치도 속초시,1990.0,173,51.445086705202314,61.27167630057804,0.11018994647916885,39.1
강원특별자치도 원주시,2013.0,122,19.672131147540984,26.229508196721312,0.04744958481613286,16.1
강원특별자치도 춘천시,2012.0,215,31.627906976744185,46.97674418604651,0.3707537113991318,
강원특별자치도 평창군,2011.0,52,17.307692307692307,28.846153846153843,0.025795800443687764,41.7
강원특별자치도 홍천군,2012.0,98,26.53061224489796,35.714285714285715,0.025754941729444338,35.5
경기도 가평군,2017.0,546,4.5787545787545785,23.626373626373624,0.16821158870477076,93.1
경기도 고양시,2011.0,3608,16.823725055432373,39.052106430155206,1.8420043015753067,12.3
경기도 과천시,2019.0,750,6.533333333333332,6.933333333333333,5.150435199780687,
경기도 광명시,1996.0,1300,11.461538461538462,57.692307692307686,3.612447328187344,23.6
경기도 광주시,2014.0,4378,0.27409776153494747,11.055276381909549,1.5187703631814773,39.4
경기도 구리시,2003.0,1038,21.19460500963391,39.21001926782274,4.342205221841638,15.8
경기도 군포시,2001.0,1435,28.50174216027875,46.4808362369338,2.8872337397409744,
경기도 김포시,2017.0,1083,6.740535549399815,19.298245614035086,0.19791169043881798,10.5
경기도 남양주시,2007.0,3434,17.035527082119977,44.40885264997088,0.38801158328697166,20.7
경기도 동두천시,2012.0,505,18.81188118811881,35.84158415841584,0.3946859280278602,96.4
경기도 부천시,2001.0,6011,20.595574779570786,39.72716686075528,2.8563451934112973,15.8
경기도 성남시,1996.0,5042,7.556525188417294,64.10154700515669,7.347965034307736,15.7
경기도 수원시,2015.0,9425,8.60477453580902,18.249336870026525,3.1659732108446526,13.5
경기도 시흥시,2007.0,2542,5.822187254130606,27.89142407553108,1.0191569809455876,19.9
경기도 안산시,2011.0,5584,9.312320916905444,20.057306590257877,3.970158500311626,21.3
경기도 안성시,2013.0,453,9.271523178807946,16.777041942604857,0.36431140503538695,51.4
경기도 안양시,2002.0,3828,36.38975966562173,48.53709508881923,4.192658758104308,
경기도 양주시,2016.0,626,8.30670926517572,27.15654952076677,0.17457860337117304,
경기도 양평군,2016.0,677,7.533234859675036,16.100443131462335,0.035174111853675694,27.5
경기도 여주시,2016.0,433,7.390300230946882,13.625866050808314,0.06650812205248095,60.0
경기도 연천군,1996.0,94,29.78723404255319,51.06382978723404,0.10818998160770313,106.7
경기도 오산시,2016.0,1514,8.256274768824307,12.285336856010568,0.670856713860843,19.6
경기도 용인시,2014.0,5451,2.8251696936341957,20.546688680975965,0.9024664354509311,14.2
경기도 의왕시,2013.0,847,12.514757969303425,21.01534828807556,1.2368834592183302,
경기도 의정부시,2001.0,2050,10.682926829268293,46.78048780487805,1.6788681926296605,
경기도 이천시,2015.0,1104,12.318840579710146,23.007246376811594,0.32598605384167006,60.4
경기도 파주시,2016.0,1365,7.9120879120879115,15.384615384615385,0.41848906560636184,44.7
경기도 평택시,2013.0,3236,6.334981458590853,20.024721878862795,0.5942503303524784,44.5
경기도 포천시,2013.0,700,8.428571428571429,35.57142857142857,0.15236323394973617,90.5
경기도 하남시,2013.0,576,6.25,18.75,1.502724971686138,11.2
경기도 화성시,2017.0,3124,4.097311139564661,14.7247119078105,0.2367351139931038,25.6
경상남도 거제시,2012.0,228,10.087719298245613,24.561403508771928,0.00808881519079493,106.8
경상남도 김해시,2001.0,492,3.6585365853658534,48.78048780487805,0.01179063460823349,38.3
경상남도 양산시,2013.0,121,3.3057851239669422,11.570247933884298,0.004590133835187966,21.1
경상남도 진주시,2003.0,134,9.701492537313433,26.865671641791046,0.01697560083833352,41.2
경상남도 창원시,2002.0,535,20.5607476635514,47.10280373831775,0.09864817187529014,27.6
경상남도 통영시,2008.0,64,12.5,26.5625,0.01297882597248489,33.6
경상북도 경산시,2013.0,155,1.935483870967742,21.935483870967744,0.0942594452599861,11.3
경상북도 경주시,2001.0,196,39.285714285714285,49.48979591836735,0.019053557818887273,39.4
경상북도 구미시,2005.0,301,6.312292358803987,21.92691029900332,0.006100672183153271,52.1
경상북도 김천시,2013.0,103,13.592233009708737,19.41747572815534,0.009736624312350908,55.1
경상북도 안동시,2013.0,40,20.0,30.0,0.008240626287597858,
경상북도 울진군,2011.5,42,11.904761904761903,42.857142857142854,0.054565296471444154,129.7
대구광역시 남구,2001.0,142,14.084507042253522,46.478873239436616,0.20195075838955012,
대구광역시 달서구,2003.0,282,10.28368794326241,31.20567375886525,0.06874048292364586,
대구광역시 달성군,2002.5,72,18.055555555555554,45.83333333333333,0.01697680779424109,
대구광역시 동구,1995.0,399,24.06015037593985,59.899749373433586,0.0948840594780077,
대구광역시 북구,1996.0,181,7.18232044198895,62.430939226519335,0.043176960773731135,
대구광역시 서구,2003.0,137,10.218978102189782,32.846715328467155,0.14561907609896896,
대구광역시 수성구,2001.0,338,10.059171597633137,49.40828402366864,0.07698599817158254,
대구광역시 중구,2001.0,57,15.789473684210526,40.35087719298245,0.026775553919271704,
대전광역시 대덕구,1993.0,294,27.2108843537415,80.27210884353741,0.36849438143725827,
대전광역시 동구,1995.0,291,20.274914089347078,60.13745704467354,0.4954900105841912,
대전광역시 서구,1997.0,474,24.894514767932492,55.27426160337553,0.9276252127198105,
대전광역시 유성구,1998.0,210,24.285714285714285,52.38095238095239,0.3107932772094988,
대전광역시 중구,2007.0,362,11.602209944751381,37.569060773480665,0.17037311712650705,
부산광역시 금정구,2013.0,1797,6.900389538119088,14.41291040623261,0.11033873993158998,
부산광역시 남구,2012.0,2750,6.545454545454546,12.327272727272726,0.10037268815514999,
부산광역시 동구,2013.0,262,7.633587786259542,14.122137404580155,0.29928125368210207,
부산광역시 동래구,2013.0,1389,8.783297336213103,16.12670986321094,0.046523059637295694,8.1
부산광역시 부산진구,2013.0,2525,2.01980198019802,4.871287128712871,0.057907903270638376,
부산광역시 북구,2012.0,542,10.14760147601476,27.67527675276753,0.37153031018061694,
부산광역시 사상구,2014.0,828,1.570048309178744,5.676328502415459,0.06518626172818397,
부산광역시 사하구,2012.0,1118,12.522361359570661,22.093023255813954,0.1034574569244228,
부산광역시 서구,2014.0,893,2.2396416573348263,5.487122060470324,0.0912316269640142,
부산광역시 수영구,2016.0,3293,4.190707561494078,9.505010628606133,0.04658118610409669,
부산광역시 연제구,2013.0,1245,4.819277108433735,9.397590361445783,0.045935754040743945,
부산광역시 영도구,2012.0,225,7.555555555555555,18.22222222222222,0.10031297648663831,35.4
부산광역시 중구,2013.0,510,1.9607843137254901,12.352941176470589,0.4633096218644703,
부산광역시 해운대구,2003.0,900,9.666666666666666,38.22222222222222,0.07242576359231788,
서울특별시 강남구,2005.0,7853,4.826181077295301,18.06952756908188,3.326514472038987,6.3
서울특별시 강동구,2016.0,8157,4.303052592865024,7.882800049037636,5.800822147564684,
서울특별시 강북구,2003.0,3561,15.641673687166527,39.736029205279415,11.295434930382116,
서울특별시 강서구,2012.0,10451,4.621567314132618,16.132427518897714,3.8385227077442234,
서울특별시 관악구,2013.0,6558,6.419640134187252,25.236352546508083,11.1607886487878,
서울특별시 광진구,2015.0,8202,3.4259936600829066,8.961228968544258,10.940741067656942,
서울특별시 구로구,2012.0,3956,15.824064711830133,32.78564206268958,3.1950895045160688,
서울특별시 금천구,2017.0,3116,7.605905006418485,13.414634146341465,5.4883027441513725,
서울특별시 노원구,2011.0,2093,8.170090778786431,29.335881509794554,2.5944978751957057,
서울특별시 도봉구,2008.0,2530,8.26086956521739,36.83794466403162,6.271516701196078,
서울특별시 동대문구,2015.0,3260,6.196319018404909,12.607361963190183,6.082715980269582,
서울특별시 동작구,2013.0,5900,6.016949152542373,17.593220338983052,7.619157330875788,
서울특별시 마포구,2011.0,8352,9.506704980842912,22.042624521072796,4.5485125054326145,
서울특별시 서대문구,2006.0,4075,10.45398773006135,27.901840490797547,5.245725798853449,
서울특별시 서초구,2012.0,7461,4.704463208685163,19.03230130009382,3.7150217193655926,7.3
서울특별시 성동구,2012.0,2382,9.026028547439127,24.853064651553318,5.6145946913600335,
서울특별시 성북구,2013.0,4968,4.891304347826087,20.30998389694042,5.841131641227175,
서울특별시 송파구,2009.0,18332,3.032947850752782,9.426140082915122,4.08898613605559,
서울특별시 양천구,2011.0,6034,13.47364932051707,26.35067948293006,5.473131255767729,
서울특별시 영등포구,2017.0,4235,2.408500590318772,7.626918536009446,4.638506798348689,
서울특별시 용산구,2013.0,5084,7.494099134539732,20.672698662470495,5.207987934667508,
서울특별시 은평구,2011.0,8228,8.155080213903744,26.920272241127858,6.548492831144805,
서울특별시 종로구,2001.0,2279,9.784993418165861,49.80254497586661,4.246399455470817,
서울특별시 중구,2012.0,1774,5.0732807215332585,26.155580608793688,3.0025564336914567,
서울특별시 중랑구,2017.0,5381,4.385801895558447,9.459208325590039,10.119081961159896,
울산광역시 남구,2001.0,573,17.975567190226876,39.79057591623037,0.021677866897897247,
울산광역시 동구,1996.5,136,16.911764705882355,61.029411764705884,0.031386826948729615,
울산광역시 북구,2012.0,76,3.9473684210526314,35.526315789473685,0.0071147369918892,
울산광역시 울주군,2010.0,158,0.6329113924050633,29.11392405063291,0.013066486639517412,
울산광역시 중구,1997.0,308,25.97402597402597,54.54545454545454,0.09134582854049665,
인천광역시 강화군,2010.0,201,10.44776119402985,33.83084577114428,0.3896671033625584,79.2
인천광역시 계양구,2001.0,2398,12.55212677231026,47.539616346955796,2.5583794112176395,
인천광역시 남동구,1995.0,2830,24.840989399293285,65.05300353356891,3.099367992624192,
인천광역시 미추홀구,2002.0,2839,12.152166255723847,38.992603029235646,2.6409070000270587,
인천광역시 부평구,2001.0,3296,14.381067961165048,43.234223300970875,2.780076278521224,
인천광역시 연수구,1996.0,494,9.109311740890687,60.72874493927125,2.2409438850423196,
인천광역시 옹진군,2023.0,49,0.0,0.0,0.06071031063442275,
전북특별자치도 군산시,2012.0,135,30.37037037037037,34.074074074074076,0.016177096636866752,
전북특별자치도 익산시,2014.5,180,10.555555555555555,21.11111111111111,0.03858753212206797,
전북특별자치도 전주시,2004.0,474,14.767932489451477,22.78481012658228,0.038407870442148585,
제주특별자치도 서귀포시,2017.0,2210,1.4479638009049773,10.588235294117647,0.03413014085246591,79.9
제주특별자치도 제주시,2015.0,3101,4.288939051918736,18.219929055143503,0.10566252862717344,
충청남도 공주시,2006.0,83,12.048192771084338,32.53012048192771,0.03548838277352149,40.1
충청남도 금산군,2004.5,34,32.35294117647059,38.23529411764706,0.2694509936005389,33.9
충청남도 논산시,2016.0,86,19.767441860465116,29.069767441860467,0.21299042538368138,42.1
충청남도 당진시,2015.0,281,2.8469750889679712,22.77580071174377,0.028319495398081998,85.0
충청남도 보령시,2014.0,135,20.0,23.703703703703706,0.036528012419524226,26.0
충청남도 서산시,2013.0,248,8.46774193548387,19.35483870967742,0.016572754391779913,52.5
충청남도 서천군,2012.0,61,11.475409836065573,39.34426229508197,0.03059306848476902,38.4
충청남도 아산시,2013.0,316,15.18987341772152,36.075949367088604,0.11369985836246214,34.8
충청남도 예산군,2014.0,82,6.097560975609756,12.195121951219512,0.013766519823788547,146.1
충청남도 천안시,2012.0,1099,11.191992720655142,27.5705186533212,0.24781845179575152,19.9
충청남도 태안군,2016.0,72,6.944444444444445,16.666666666666664,0.017196313110469114,37.8
충청북도 제천시,1999.0,72,22.22222222222222,51.388888888888886,0.03178054695993978,56.8
충청북도 진천군,2013.0,148,4.72972972972973,21.62162162162162,0.033482717766445166,74.6
충청북도 청주시,2012.0,352,25.0,36.93181818181818,0.18265390622543212,34.4
충청북도 충주시,2013.0,264,11.742424242424242,22.727272727272727,0.03143697393773451,21.1
