시군구,온열질환_절대건수,비중%,순위
제주특별자치도 제주시,406,2.71,1
경기도 평택시,258,1.72,2
경상남도 거제시,253,1.69,3
경기도 화성시,237,1.58,4
경기도 파주시,222,1.48,5
전라남도 여수시,218,1.45,6
경상북도 구미시,213,1.42,7
인천광역시 서구,208,1.39,8
전라남도 광양시,207,1.38,9
경상남도 김해시,205,1.37,10
경상북도 포항시 남구,184,1.23,11
전라남도 순천시,157,1.05,12
경기도 광주시,154,1.03,13
경기도 남양주시,151,1.01,14
제주특별자치도 서귀포시,146,0.97,15
충청남도 당진시,144,0.96,16
전라북도 군산시,141,0.94,17
경상남도 진주시,141,0.94,18
경기도 이천시,134,0.89,19
울산광역시 동구,132,0.88,20
세종특별자치시 세종특별자치시,131,0.87,21
경기도 포천시,131,0.87,22
경기도 의정부시,130,0.87,23
전라북도 익산시,129,0.86,24
경상북도 안동시,127,0.85,25
울산광역시 울주군,126,0.84,26
경기도 부천시,124,0.83,27
전라남도 목포시,121,0.81,28
충청남도 아산시,118,0.79,29
경기도 양주시,116,0.77,30
충청남도 예산군,114,0.76,31
강원특별자치도 강릉시,113,0.75,32
광주광역시 광산구,111,0.74,33
충청북도 청주시 흥덕구,110,0.73,34
경상북도 포항시 북구,109,0.73,35
전라북도 전주시 덕진구,107,0.71,36
울산광역시 남구,106,0.71,37
경기도 용인시 처인구,102,0.68,38
경기도 시흥시,102,0.68,39
인천광역시 미추홀구,101,0.67,40
경기도 고양시 덕양구,101,0.67,41
경기도 안성시,98,0.65,42
인천광역시 남동구,98,0.65,43
경상북도 경주시,98,0.65,44
충청북도 청주시 상당구,93,0.62,45
충청남도 서산시,92,0.61,46
서울특별시 영등포구,88,0.59,47
경기도 동두천시,87,0.58,48
인천광역시 중구,86,0.57,49
대구광역시 달서구,85,0.57,50
전라북도 전주시 완산구,84,0.56,51
경기도 안산시 단원구,83,0.55,52
전라북도 정읍시,83,0.55,53
인천광역시 계양구,83,0.55,54
전라남도 해남군,80,0.53,55
강원특별자치도 춘천시,79,0.53,56
서울특별시 은평구,77,0.51,57
전라북도 완주군,76,0.51,58
경상북도 김천시,76,0.51,59
경상남도 창원시 마산합포구,75,0.5,60
경상남도 양산시,75,0.5,61
충청북도 제천시,74,0.49,62
광주광역시 북구,70,0.47,63
인천광역시 부평구,69,0.46,64
경상북도 문경시,69,0.46,65
서울특별시 송파구,69,0.46,66
경기도 광명시,68,0.45,67
경기도 여주시,68,0.45,68
경상남도 창원시 진해구,68,0.45,69
경상북도 예천군,66,0.44,70
충청남도 천안시 서북구,66,0.44,71
대전광역시 유성구,66,0.44,72
경기도 성남시 수정구,65,0.43,73
충청남도 천안시 동남구,65,0.43,74
충청북도 진천군,64,0.43,75
강원특별자치도 철원군,64,0.43,76
대전광역시 서구,63,0.42,77
서울특별시 도봉구,63,0.42,78
전라남도 무안군,63,0.42,79
경상남도 밀양시,62,0.41,80
부산광역시 기장군,61,0.41,81
서울특별시 관악구,61,0.41,82
광주광역시 서구,61,0.41,83
경상북도 울진군,61,0.41,84
인천광역시 연수구,60,0.4,85
충청남도 부여군,60,0.4,86
충청북도 음성군,60,0.4,87
충청남도 홍성군,59,0.39,88
경기도 가평군,58,0.39,89
전라북도 진안군,58,0.39,90
강원특별자치도 원주시,58,0.39,91
전라북도 남원시,57,0.38,92
경기도 수원시 권선구,56,0.37,93
서울특별시 중랑구,56,0.37,94
전라남도 영암군,55,0.37,95
전라남도 신안군,55,0.37,96
인천광역시 강화군,55,0.37,97
서울특별시 동대문구,54,0.36,98
울산광역시 중구,52,0.35,99
대구광역시 동구,52,0.35,100
경기도 김포시,51,0.34,101
경기도 안산시 상록구,51,0.34,102
부산광역시 강서구,51,0.34,103
서울특별시 노원구,51,0.34,104
충청북도 청주시 서원구,50,0.33,105
경상북도 상주시,49,0.33,106
경상남도 하동군,49,0.33,107
전라남도 함평군,48,0.32,108
부산광역시 남구,48,0.32,109
서울특별시 구로구,48,0.32,110
경상남도 창원시 의창구,48,0.32,111
대전광역시 중구,48,0.32,112
경상남도 사천시,47,0.31,113
충청남도 청양군,47,0.31,114
충청남도 논산시,47,0.31,115
경상남도 합천군,47,0.31,116
충청북도 옥천군,46,0.31,117
서울특별시 마포구,46,0.31,118
경기도 오산시,46,0.31,119
경기도 성남시 중원구,46,0.31,120
경상남도 창원시 마산회원구,46,0.31,121
경기도 수원시 장안구,45,0.3,122
경상북도 칠곡군,45,0.3,123
경기도 연천군,45,0.3,124
부산광역시 사상구,44,0.29,125
경상남도 산청군,44,0.29,126
충청북도 충주시,44,0.29,127
전라남도 구례군,43,0.29,128
경상남도 창원시 성산구,43,0.29,129
부산광역시 사하구,42,0.28,130
대구광역시 달성군,42,0.28,131
전라북도 김제시,41,0.27,132
충청남도 공주시,41,0.27,133
부산광역시 해운대구,41,0.27,134
서울특별시 종로구,41,0.27,135
경상남도 통영시,41,0.27,136
서울특별시 강서구,40,0.27,137
경상북도 영주시,40,0.27,138
대구광역시 남구,40,0.27,139
충청북도 청주시 청원구,40,0.27,140
경상북도 의성군,39,0.26,141
전라북도 순창군,39,0.26,142
경기도 수원시 팔달구,39,0.26,143
강원특별자치도 횡성군,38,0.25,144
전라남도 영광군,38,0.25,145
전라남도 진도군,38,0.25,146
부산광역시 영도구,38,0.25,147
서울특별시 강북구,38,0.25,148
서울특별시 강동구,38,0.25,149
서울특별시 양천구,38,0.25,150
전라남도 나주시,37,0.25,151
광주광역시 남구,37,0.25,152
전라북도 임실군,36,0.24,153
서울특별시 성동구,36,0.24,154
서울특별시 용산구,36,0.24,155
전라북도 부안군,36,0.24,156
경기도 하남시,36,0.24,157
충청북도 보은군,35,0.23,158
강원특별자치도 동해시,35,0.23,159
경기도 양평군,34,0.23,160
부산광역시 수영구,34,0.23,161
대구광역시 수성구,34,0.23,162
서울특별시 강남구,34,0.23,163
울산광역시 북구,33,0.22,164
경기도 성남시 분당구,33,0.22,165
강원특별자치도 속초시,32,0.21,166
대구광역시 북구,32,0.21,167
전라남도 고흥군,32,0.21,168
경기도 안양시 만안구,32,0.21,169
경기도 용인시 기흥구,32,0.21,170
경기도 안양시 동안구,32,0.21,171
대구광역시 중구,31,0.21,172
경상남도 고성군,31,0.21,173
경기도 구리시,30,0.2,174
경상남도 창녕군,30,0.2,175
경상북도 경산시,30,0.2,176
서울특별시 서초구,30,0.2,177
서울특별시 중구,30,0.2,178
부산광역시 북구,30,0.2,179
충청북도 괴산군,30,0.2,180
대전광역시 대덕구,30,0.2,181
경상북도 봉화군,29,0.19,182
전라남도 담양군,29,0.19,183
경상남도 함양군,29,0.19,184
부산광역시 부산진구,29,0.19,185
충청북도 단양군,28,0.19,186
대구광역시 서구,28,0.19,187
경상북도 청송군,28,0.19,188
서울특별시 성북구,27,0.18,189
전라남도 장성군,27,0.18,190
경상남도 의령군,26,0.17,191
충청북도 영동군,26,0.17,192
서울특별시 광진구,25,0.17,193
강원특별자치도 삼척시,25,0.17,194
충청남도 보령시,25,0.17,195
부산광역시 금정구,25,0.17,196
강원특별자치도 홍천군,24,0.16,197
전라남도 곡성군,24,0.16,198
대전광역시 동구,24,0.16,199
충청남도 태안군,23,0.15,200
부산광역시 동래구,22,0.15,201
전라남도 완도군,22,0.15,202
경기도 고양시 일산동구,22,0.15,203
경상북도 울릉군,22,0.15,204
서울특별시 동작구,22,0.15,205
부산광역시 서구,21,0.14,206
강원특별자치도 양구군,21,0.14,207
경기도 수원시 영통구,21,0.14,208
경기도 의왕시,21,0.14,209
경상남도 남해군,21,0.14,210
부산광역시 동구,21,0.14,211
서울특별시 금천구,20,0.13,212
인천광역시 동구,20,0.13,213
경기도 군포시,20,0.13,214
경상북도 청도군,20,0.13,215
전라남도 화순군,20,0.13,216
전라남도 강진군,20,0.13,217
부산광역시 연제구,20,0.13,218
충청남도 서천군,19,0.13,219
충청북도 증평군,19,0.13,220
경기도 용인시 수지구,19,0.13,221
전라북도 무주군,19,0.13,222
전라남도 보성군,19,0.13,223
전라북도 장수군,19,0.13,224
강원특별자치도 정선군,18,0.12,225
광주광역시 동구,18,0.12,226
부산광역시 중구,17,0.11,227
강원특별자치도 태백시,17,0.11,228
경기도 과천시,17,0.11,229
강원특별자치도 평창군,17,0.11,230
충청남도 금산군,17,0.11,231
강원특별자치도 영월군,16,0.11,232
충청남도 계룡시,16,0.11,233
경상북도 영덕군,16,0.11,234
경상북도 성주군,15,0.1,235
강원특별자치도 양양군,15,0.1,236
서울특별시 서대문구,15,0.1,237
경상남도 함안군,14,0.09,238
전라북도 고창군,14,0.09,239
경상북도 영천시,12,0.08,240
강원특별자치도 화천군,12,0.08,241
강원특별자치도 인제군,10,0.07,242
경기도 고양시 일산서구,9,0.06,243
강원특별자치도 고성군,9,0.06,244
경상북도 고령군,9,0.06,245
대구광역시 군위군,9,0.06,246
전라남도 장흥군,8,0.05,247
경상남도 거창군,6,0.04,248
인천광역시 옹진군,6,0.04,249
경상북도 영양군,5,0.03,250
경상북도 군위군,4,0.03,251
전라북도 전주시,4,0.03,252
경기도 안산시,1,0.01,253
경기도 성남시,1,0.01,254
