key,정전건수,정전호수,평균지속h,온열발생,중증률,전력GWh
강원특별자치도 강릉시,206,29777.0,0.8768101419797399,113,2.7,1530.795811
강원특별자치도 고성군,71,2344.0,0.7591324476650564,9,11.1,283.621928
강원특별자치도 동해시,26,11354.0,0.7278418803418804,35,2.9,681.426785
강원특별자치도 삼척시,72,18900.0,0.7077739197530865,25,4.0,565.318102
강원특별자치도 속초시,6,2748.0,0.4981481481481482,32,6.2,466.793683
강원특별자치도 양구군,29,7019.0,0.7080076628352491,21,4.8,146.999802
강원특별자치도 양양군,29,3436.0,0.5211781609195402,15,13.3,260.708317
강원특별자치도 영월군,47,6202.0,0.8723522458628842,16,0.0,800.143299
강원특별자치도 원주시,156,13001.0,0.3657941595441595,58,5.2,1965.373355
강원특별자치도 인제군,99,13129.0,0.4270987654320988,10,10.0,252.293117
강원특별자치도 정선군,36,2978.0,0.6401466049382716,18,5.6,348.970922
강원특별자치도 철원군,105,15066.0,0.5160026455026455,64,3.1,367.770275
강원특별자치도 태백시,44,7720.0,0.5677777777777778,17,0.0,164.171516
강원특별자치도 평창군,45,4288.0,0.4702716049382715,17,0.0,427.125972
강원특별자치도 홍천군,130,23881.0,0.6608846153846154,24,4.2,494.535216
강원특별자치도 화천군,36,3135.0,0.6778317901234568,12,0.0,197.668313
강원특별자치도 횡성군,64,9310.0,0.5313671875,38,2.6,452.789634
경기도 가평군,53,10277.0,0.7766090146750524,58,6.9,569.999065
경기도 고양시,188,25053.0,0.5944385342789598,132,9.8,3495.815914
경기도 광명시,39,5033.0,0.4817948717948718,68,2.9,671.577968
경기도 광주시,142,24949.0,0.8315179968701095,154,3.9,2184.543062
경기도 구리시,84,8923.0,0.3968088624338624,30,3.3,584.230224
경기도 김포시,166,11560.0,0.3734554886211513,51,13.7,3680.455666
경기도 남양주시,120,14684.0,0.2753888888888889,151,6.6,2823.81853
경기도 동두천시,114,11755.0,0.3109454191033138,87,3.4,329.0665
경기도 부천시,114,11542.0,0.5732504873294347,124,5.6,3143.161438
경기도 성남시,206,20227.0,0.3864697950377562,145,6.9,3864.336154
경기도 수원시,107,17745.0,0.3927076843198338,161,6.8,3779.615253
경기도 시흥시,124,10009.0,0.4008109318996415,102,5.9,4139.454209
경기도 안산시,469,33472.0,0.2315114901682065,135,7.4,6627.250571
경기도 안성시,186,10693.0,0.267181899641577,98,1.0,2878.451578
경기도 양평군,92,24050.0,0.530066425120773,34,5.9,603.120489
경기도 여주시,126,25102.0,0.578531746031746,68,2.9,1144.51725
경기도 연천군,85,8905.0,0.4197483660130718,45,6.7,484.393716
경기도 오산시,219,7881.0,0.4071879756468797,46,2.2,937.746978
경기도 용인시,243,23333.0,0.467217632258942,153,7.2,6824.229082
경기도 이천시,167,18558.0,0.3990718562874251,134,6.7,5709.545113
경기도 파주시,264,33432.0,0.4173295454545454,222,1.8,7838.135235
경기도 평택시,465,50079.0,0.5597459991447298,258,5.4,6472.221546
경기도 포천시,211,18708.0,0.4165916271721959,131,6.9,2350.475985
경기도 하남시,61,7930.0,0.5611703096539162,36,16.7,1405.901495
경기도 화성시,226,24131.0,0.3775049164208456,237,7.6,19168.542621
경상남도 거제시,51,6057.0,0.1593300653594771,253,2.0,1807.253614
경상남도 거창군,44,5058.0,0.7376767676767677,6,0.0,344.189302
경상남도 김해시,406,19856.0,0.2509544334975369,205,3.4,4571.75111
경상남도 남해군,15,569.0,0.5853518518518519,21,14.3,213.780685
경상남도 밀양시,109,9852.0,0.1799006116207951,62,8.1,1114.418821
경상남도 사천시,73,6552.0,0.2004604261796042,47,0.0,994.406317
경상남도 산청군,53,4053.0,0.1023794549266247,44,4.5,251.008489
경상남도 양산시,178,12952.0,0.4299204119850187,75,12.0,2856.959372
경상남도 의령군,28,2203.0,1.3529464285714283,26,3.8,228.856156
경상남도 진주시,188,9065.0,0.1458259456264775,141,2.8,2080.023197
경상남도 창녕군,45,3002.0,0.2324691358024691,30,30.0,884.487846
경상남도 창원시,180,10541.0,0.2439512383900929,280,4.3,7854.562645
경상남도 통영시,59,5292.0,0.3068314500941619,41,4.9,817.634338
경상남도 하동군,65,8051.0,0.4004145299145298,49,2.0,398.116307
경상남도 함안군,114,6045.0,0.119546783625731,14,7.1,2764.359081
경상남도 함양군,30,2979.0,0.4107777777777778,29,6.9,204.614897
경상남도 합천군,67,5812.0,0.4771890547263681,47,0.0,288.958766
경상북도 경산시,112,10129.0,0.2302157738095238,30,10.0,2210.047633
경상북도 경주시,301,32149.0,0.2885492801771872,98,9.2,3581.637123
경상북도 고령군,58,2111.0,0.1662595785440613,9,11.1,1071.548912
경상북도 구미시,172,21437.0,0.3451679586563307,213,5.2,7882.533357
경상북도 김천시,65,11134.0,0.3581837606837607,76,3.9,1508.111909
경상북도 문경시,88,11252.0,0.3945517676767677,69,10.1,336.418644
경상북도 봉화군,56,7869.0,0.3842063492063491,29,6.9,178.876773
경상북도 상주시,84,22994.0,0.3971130952380952,49,14.3,525.886699
경상북도 성주군,63,7370.0,0.2647619047619047,15,13.3,908.548503
경상북도 영덕군,35,9100.0,0.6208174603174603,16,25.0,214.820844
경상북도 영양군,19,3068.0,0.248845029239766,5,0.0,74.73642
경상북도 영주시,57,10877.0,0.4990204678362573,40,7.5,580.741768
경상북도 영천시,74,10535.0,0.3490990990990991,12,25.0,1167.817757
경상북도 예천군,59,11006.0,0.5033898305084745,66,6.1,253.796765
경상북도 울진군,56,10261.0,0.6074851190476191,61,0.0,456.232941
경상북도 의성군,102,15946.0,0.2631862745098039,39,7.7,330.82126
경상북도 청도군,27,2282.0,0.1911213991769547,20,15.0,401.920687
경상북도 청송군,35,7161.0,0.8160158730158731,28,0.0,144.537468
경상북도 칠곡군,65,5604.0,0.1924871794871795,45,4.4,1605.786096
경상북도 포항시,214,18157.0,0.3027347050299637,293,3.8,4795.508846
광주광역시 광산구,231,16525.0,0.2000901875901875,111,2.7,2742.036638
대구광역시 군위군,72,8267.0,0.1984606481481481,9,11.1,236.367009
부산광역시 기장군,74,7051.0,0.3130442942942943,61,3.3,1291.087191
부산광역시 동래구,198,12477.0,0.1466778900112233,22,4.5,729.146985
부산광역시 영도구,37,4018.0,0.2450675675675676,38,10.5,304.35559
서울특별시 강남구,199,21916.0,0.555143774427694,34,11.8,3964.732138
서울특별시 서초구,188,19575.0,0.3989258274231678,30,0.0,2741.188955
세종특별자치시 세종특별자치시,140,8596.0,0.4001646825396825,131,1.5,2802.5
인천광역시 강화군,91,24061.0,0.5494597069597069,55,5.5,444.507704
전라남도 강진군,59,11213.0,0.4508804143126177,20,5.0,356.267665
전라남도 고흥군,114,19332.0,0.4286915204678363,32,9.4,473.227838
전라남도 곡성군,31,5403.0,0.4701164874551971,24,0.0,181.622165
전라남도 광양시,79,5409.0,0.357964135021097,207,5.3,1617.02633
전라남도 구례군,20,3261.0,0.3430694444444444,43,0.0,137.399857
전라남도 나주시,210,18597.0,0.2743769841269841,37,10.8,972.002085
전라남도 담양군,53,12268.0,0.352751572327044,29,6.9,365.893949
전라남도 목포시,89,10645.0,0.2811204744069912,121,5.8,784.491613
전라남도 무안군,135,18364.0,0.6813024691358024,63,9.5,617.574072
전라남도 보성군,99,10426.0,0.275530303030303,19,10.5,237.691326
전라남도 순천시,143,23325.0,0.4388888888888889,157,4.5,1824.623765
전라남도 신안군,47,7026.0,1.1573404255319149,55,14.5,291.541653
전라남도 여수시,159,26652.0,0.4081376659678546,218,7.8,12115.880856
전라남도 영광군,105,15070.0,0.3188253968253968,38,13.2,666.181485
전라남도 영암군,150,10306.0,0.4019185185185185,55,18.2,1162.93832
전라남도 완도군,58,14870.0,0.5144588122605364,22,9.1,1026.746802
전라남도 장성군,49,6721.0,0.5808106575963718,27,11.1,438.32775
전라남도 장흥군,40,2004.0,0.2325694444444444,8,12.5,316.189184
전라남도 진도군,76,8010.0,0.401798245614035,38,7.9,309.014588
전라남도 함평군,82,9197.0,0.3055623306233062,48,0.0,358.240255
전라남도 해남군,169,23297.0,0.4017077580539118,80,10.0,701.546276
전라남도 화순군,51,4107.0,0.2949782135076252,20,0.0,419.759051
전라북도 고창군,108,13308.0,0.3394984567901234,14,28.6,557.365996
전라북도 군산시,178,9536.0,0.2341182896379525,141,1.4,5518.64717
전라북도 김제시,105,18736.0,0.4003148148148148,41,7.3,905.259234
전라북도 남원시,69,4851.0,0.1287278582930756,57,0.0,422.441972
전라북도 무주군,21,3778.0,0.6450661375661375,19,5.3,167.844504
전라북도 부안군,89,3386.0,0.293689138576779,36,0.0,389.634594
전라북도 순창군,29,6694.0,0.4908716475095785,39,0.0,179.864861
전라북도 익산시,192,26492.0,0.2808232060185185,129,1.6,2282.269624
전라북도 임실군,33,2191.0,0.1279882154882154,36,11.1,181.363601
전라북도 장수군,31,11179.0,0.4854390681003585,19,5.3,169.908783
전라북도 정읍시,196,25175.0,0.2333205782312924,83,4.8,1126.921054
전라북도 진안군,33,5258.0,0.6401599326599327,58,6.9,161.646675
제주특별자치도 서귀포시,350,25408.0,0.295431746031746,146,4.8,2044.780627
충청남도 공주시,68,12639.0,0.440359477124183,41,9.8,783.723106
충청남도 금산군,58,3427.0,0.1998946360153256,17,0.0,471.604898
충청남도 논산시,66,4707.0,0.2401599326599326,47,12.8,1097.514895
충청남도 당진시,144,11180.0,0.2844328703703704,144,5.6,5977.476821
충청남도 보령시,91,12118.0,0.4978724053724054,25,0.0,1038.22985
충청남도 부여군,81,5752.0,0.2712037037037037,60,6.7,504.835488
충청남도 서산시,138,9958.0,0.2957206119162641,92,5.4,8876.612551
충청남도 서천군,72,4790.0,0.1921219135802469,19,21.1,557.656959
충청남도 아산시,187,15027.0,0.4485398098633393,118,4.2,12583.585087
충청남도 예산군,117,3871.0,0.1787013295346628,114,5.3,1053.410652
충청남도 천안시,314,32349.0,0.477267338995046,131,6.9,7660.45105
충청남도 청양군,48,6791.0,0.2289236111111111,47,6.4,273.97833
충청남도 태안군,130,22429.0,0.3683034188034188,23,8.7,856.740454
충청남도 홍성군,120,10702.0,0.4322384259259259,59,6.8,834.191239
충청북도 단양군,55,5219.0,0.1922323232323232,28,10.7,1457.764714
충청북도 보은군,70,8879.0,0.2721150793650794,35,8.6,282.16766
충청북도 영동군,47,9959.0,0.5384692671394798,26,3.8,267.64709
충청북도 옥천군,52,10993.0,0.5038675213675213,46,2.2,364.83326
충청북도 음성군,116,9218.0,0.3646192528735632,60,8.3,2964.003712
충청북도 제천시,127,17353.0,0.3547965879265092,74,8.1,1179.480584
충청북도 진천군,135,6560.0,0.1387860082304526,64,9.4,2765.313816
충청북도 청주시,128,12212.0,0.3111306423611111,293,2.7,8039.52746
충청북도 충주시,188,16193.0,0.2183717494089834,44,18.2,2087.191094
