시군구,발생,사망,중증,고령,작업장,중증률,n
강원특별자치도 강릉시,113,2,3,0.2831858407079646,0.2831858407079646,2.6548672566371683,113
강원특별자치도 고성군,9,1,1,0.3333333333333333,0.1111111111111111,11.11111111111111,9
강원특별자치도 동해시,35,0,1,0.3142857142857143,0.37142857142857144,2.857142857142857,35
강원특별자치도 삼척시,25,1,1,0.28,0.2,4.0,25
강원특별자치도 속초시,32,0,2,0.1875,0.125,6.25,32
강원특별자치도 양구군,21,0,1,0.38095238095238093,0.23809523809523808,4.761904761904762,21
강원특별자치도 양양군,15,0,2,0.5333333333333333,0.2,13.333333333333334,15
강원특별자치도 영월군,16,0,0,0.3125,0.5,0.0,16
강원특별자치도 원주시,58,1,3,0.39655172413793105,0.4482758620689655,5.172413793103448,58
강원특별자치도 인제군,10,1,1,0.3,0.3,10.0,10
강원특별자치도 정선군,18,1,1,0.16666666666666666,0.16666666666666666,5.555555555555555,18
강원특별자치도 철원군,64,0,2,0.203125,0.15625,3.125,64
강원특별자치도 춘천시,79,0,5,0.26582278481012656,0.2911392405063291,6.329113924050633,79
강원특별자치도 태백시,17,0,0,0.17647058823529413,0.11764705882352941,0.0,17
강원특별자치도 평창군,17,0,0,0.17647058823529413,0.17647058823529413,0.0,17
강원특별자치도 홍천군,24,0,1,0.5,0.25,4.166666666666666,24
강원특별자치도 화천군,12,0,0,0.5,0.5,0.0,12
강원특별자치도 횡성군,38,0,1,0.34210526315789475,0.34210526315789475,2.631578947368421,38
경기도 가평군,58,0,4,0.25862068965517243,0.39655172413793105,6.896551724137931,58
경기도 고양시 덕양구,101,0,10,0.25742574257425743,0.5346534653465347,9.900990099009901,101
경기도 고양시 일산동구,22,0,2,0.13636363636363635,0.36363636363636365,9.090909090909092,22
경기도 고양시 일산서구,9,0,1,0.5555555555555556,0.3333333333333333,11.11111111111111,9
경기도 과천시,17,0,1,0.17647058823529413,0.11764705882352941,5.88235294117647,17
경기도 광명시,68,0,2,0.3235294117647059,0.27941176470588236,2.941176470588235,68
경기도 광주시,154,0,6,0.18831168831168832,0.564935064935065,3.896103896103896,154
경기도 구리시,30,0,1,0.3333333333333333,0.5333333333333333,3.3333333333333335,30
경기도 군포시,20,0,4,0.15,0.5,20.0,20
경기도 김포시,51,0,7,0.19607843137254902,0.5490196078431373,13.725490196078432,51
경기도 남양주시,151,0,10,0.24503311258278146,0.4503311258278146,6.622516556291391,151
경기도 동두천시,87,0,3,0.28735632183908044,0.367816091954023,3.4482758620689653,87
경기도 부천시,124,2,7,0.27419354838709675,0.4435483870967742,5.64516129032258,124
경기도 성남시,1,0,0,0.0,1.0,0.0,1
경기도 성남시 분당구,33,1,1,0.24242424242424243,0.36363636363636365,3.0303030303030303,33
경기도 성남시 수정구,65,0,4,0.35384615384615387,0.26153846153846155,6.153846153846154,65
경기도 성남시 중원구,46,0,5,0.21739130434782608,0.34782608695652173,10.869565217391305,46
경기도 수원시 권선구,56,0,4,0.23214285714285715,0.4107142857142857,7.142857142857142,56
경기도 수원시 영통구,21,0,2,0.14285714285714285,0.47619047619047616,9.523809523809524,21
경기도 수원시 장안구,45,0,3,0.3111111111111111,0.4888888888888889,6.666666666666667,45
경기도 수원시 팔달구,39,0,2,0.3333333333333333,0.5641025641025641,5.128205128205128,39
경기도 시흥시,102,0,6,0.19607843137254902,0.6274509803921569,5.88235294117647,102
경기도 안산시,1,0,0,0.0,0.0,0.0,1
경기도 안산시 단원구,83,0,8,0.18072289156626506,0.4939759036144578,9.63855421686747,83
경기도 안산시 상록구,51,0,2,0.29411764705882354,0.4117647058823529,3.9215686274509802,51
경기도 안성시,98,0,1,0.2755102040816326,0.37755102040816324,1.0204081632653061,98
경기도 안양시 동안구,32,0,4,0.21875,0.40625,12.5,32
경기도 안양시 만안구,32,0,3,0.34375,0.40625,9.375,32
경기도 양주시,116,1,6,0.25862068965517243,0.47413793103448276,5.172413793103448,116
경기도 양평군,34,0,2,0.3235294117647059,0.47058823529411764,5.88235294117647,34
경기도 여주시,68,1,2,0.2647058823529412,0.38235294117647056,2.941176470588235,68
경기도 연천군,45,0,3,0.28888888888888886,0.24444444444444444,6.666666666666667,45
경기도 오산시,46,0,1,0.13043478260869565,0.6304347826086957,2.1739130434782608,46
경기도 용인시 기흥구,32,0,3,0.1875,0.53125,9.375,32
경기도 용인시 수지구,19,0,2,0.21052631578947367,0.2631578947368421,10.526315789473683,19
경기도 용인시 처인구,102,0,6,0.22549019607843138,0.5392156862745098,5.88235294117647,102
경기도 의왕시,21,0,2,0.2857142857142857,0.5238095238095238,9.523809523809524,21
경기도 의정부시,130,1,8,0.38461538461538464,0.4,6.153846153846154,130
경기도 이천시,134,1,9,0.22388059701492538,0.5,6.7164179104477615,134
경기도 파주시,222,3,4,0.23423423423423423,0.44144144144144143,1.8018018018018018,222
경기도 평택시,258,0,14,0.15891472868217055,0.6162790697674418,5.426356589147287,258
경기도 포천시,131,1,9,0.366412213740458,0.40458015267175573,6.870229007633588,131
경기도 하남시,36,0,6,0.1388888888888889,0.25,16.666666666666664,36
경기도 화성시,237,1,18,0.20675105485232068,0.540084388185654,7.59493670886076,237
경상남도 거제시,253,1,5,0.11857707509881422,0.8063241106719368,1.9762845849802373,253
경상남도 거창군,6,0,0,0.16666666666666666,0.3333333333333333,0.0,6
경상남도 고성군,31,0,2,0.2903225806451613,0.45161290322580644,6.451612903225806,31
경상남도 김해시,205,0,7,0.1951219512195122,0.5024390243902439,3.414634146341464,205
경상남도 남해군,21,3,3,0.47619047619047616,0.19047619047619047,14.285714285714285,21
경상남도 밀양시,62,3,5,0.46774193548387094,0.24193548387096775,8.064516129032258,62
경상남도 사천시,47,0,0,0.3191489361702128,0.425531914893617,0.0,47
경상남도 산청군,44,0,2,0.45454545454545453,0.3181818181818182,4.545454545454546,44
경상남도 양산시,75,0,9,0.44,0.41333333333333333,12.0,75
경상남도 의령군,26,0,1,0.5384615384615384,0.15384615384615385,3.8461538461538463,26
경상남도 진주시,141,2,4,0.2978723404255319,0.40425531914893614,2.8368794326241136,141
경상남도 창녕군,30,4,9,0.5,0.36666666666666664,30.0,30
경상남도 창원시 마산합포구,75,1,4,0.4533333333333333,0.26666666666666666,5.333333333333334,75
경상남도 창원시 마산회원구,46,0,3,0.30434782608695654,0.3695652173913043,6.521739130434782,46
경상남도 창원시 성산구,43,0,1,0.2558139534883721,0.5116279069767442,2.3255813953488373,43
경상남도 창원시 의창구,48,0,4,0.3541666666666667,0.3541666666666667,8.333333333333332,48
경상남도 창원시 진해구,68,0,0,0.22058823529411764,0.45588235294117646,0.0,68
경상남도 통영시,41,1,2,0.3170731707317073,0.34146341463414637,4.878048780487805,41
경상남도 하동군,49,0,1,0.5918367346938775,0.1836734693877551,2.0408163265306123,49
경상남도 함안군,14,1,1,0.5,0.5,7.142857142857142,14
경상남도 함양군,29,2,2,0.3793103448275862,0.20689655172413793,6.896551724137931,29
경상남도 합천군,47,0,0,0.2978723404255319,0.3404255319148936,0.0,47
경상북도 경산시,30,1,3,0.43333333333333335,0.23333333333333334,10.0,30
경상북도 경주시,98,2,9,0.40816326530612246,0.336734693877551,9.183673469387756,98
경상북도 고령군,9,1,1,0.2222222222222222,0.5555555555555556,11.11111111111111,9
경상북도 구미시,213,1,11,0.2347417840375587,0.40375586854460094,5.164319248826291,213
경상북도 군위군,4,0,0,0.5,0.75,0.0,4
경상북도 김천시,76,0,3,0.4605263157894737,0.3157894736842105,3.9473684210526314,76
경상북도 문경시,69,2,7,0.4492753623188406,0.18840579710144928,10.144927536231885,69
경상북도 봉화군,29,2,2,0.4482758620689655,0.13793103448275862,6.896551724137931,29
경상북도 상주시,49,3,7,0.46938775510204084,0.16326530612244897,14.285714285714285,49
경상북도 성주군,15,0,2,0.6,0.13333333333333333,13.333333333333334,15
경상북도 안동시,127,0,7,0.41732283464566927,0.25196850393700787,5.511811023622047,127
경상북도 영덕군,16,1,4,0.4375,0.125,25.0,16
경상북도 영양군,5,0,0,0.2,0.4,0.0,5
경상북도 영주시,40,0,3,0.4,0.3,7.5,40
경상북도 영천시,12,1,3,0.5,0.25,25.0,12
경상북도 예천군,66,1,4,0.4090909090909091,0.25757575757575757,6.0606060606060606,66
경상북도 울릉군,22,0,0,0.13636363636363635,0.4090909090909091,0.0,22
경상북도 울진군,61,0,0,0.22950819672131148,0.22950819672131148,0.0,61
경상북도 의성군,39,1,3,0.5128205128205128,0.15384615384615385,7.6923076923076925,39
경상북도 청도군,20,0,3,0.4,0.25,15.0,20
경상북도 청송군,28,0,0,0.32142857142857145,0.2857142857142857,0.0,28
경상북도 칠곡군,45,0,2,0.3111111111111111,0.37777777777777777,4.444444444444445,45
경상북도 포항시 남구,184,0,5,0.19021739130434784,0.5652173913043478,2.717391304347826,184
경상북도 포항시 북구,109,3,6,0.3302752293577982,0.3669724770642202,5.5045871559633035,109
광주광역시 광산구,111,0,3,0.16216216216216217,0.5855855855855856,2.7027027027027026,111
광주광역시 남구,37,0,1,0.2702702702702703,0.5405405405405406,2.7027027027027026,37
광주광역시 동구,18,0,3,0.3888888888888889,0.2777777777777778,16.666666666666664,18
광주광역시 북구,70,1,2,0.15714285714285714,0.45714285714285713,2.857142857142857,70
광주광역시 서구,61,1,2,0.18032786885245902,0.6557377049180327,3.278688524590164,61
대구광역시 군위군,9,1,1,0.4444444444444444,0.0,11.11111111111111,9
대구광역시 남구,40,0,2,0.375,0.4,5.0,40
대구광역시 달서구,85,0,3,0.21176470588235294,0.5764705882352941,3.5294117647058822,85
대구광역시 달성군,42,0,2,0.2619047619047619,0.42857142857142855,4.761904761904762,42
대구광역시 동구,52,0,2,0.3269230769230769,0.4423076923076923,3.8461538461538463,52
대구광역시 북구,32,1,2,0.40625,0.375,6.25,32
대구광역시 서구,28,0,3,0.2857142857142857,0.35714285714285715,10.714285714285714,28
대구광역시 수성구,34,0,9,0.47058823529411764,0.17647058823529413,26.47058823529412,34
대구광역시 중구,31,0,4,0.41935483870967744,0.3225806451612903,12.903225806451612,31
대전광역시 대덕구,30,0,2,0.3,0.5333333333333333,6.666666666666667,30
대전광역시 동구,24,0,1,0.25,0.375,4.166666666666666,24
대전광역시 서구,63,0,4,0.1746031746031746,0.42857142857142855,6.349206349206349,63
대전광역시 유성구,66,0,4,0.15151515151515152,0.5,6.0606060606060606,66
대전광역시 중구,48,0,1,0.3958333333333333,0.16666666666666666,2.083333333333333,48
부산광역시 강서구,51,0,3,0.19607843137254902,0.803921568627451,5.88235294117647,51
부산광역시 금정구,25,0,4,0.36,0.4,16.0,25
부산광역시 기장군,61,0,2,0.26229508196721313,0.5409836065573771,3.278688524590164,61
부산광역시 남구,48,0,3,0.1875,0.5208333333333334,6.25,48
부산광역시 동구,21,0,4,0.2857142857142857,0.5238095238095238,19.047619047619047,21
부산광역시 동래구,22,0,1,0.13636363636363635,0.5909090909090909,4.545454545454546,22
부산광역시 부산진구,29,1,2,0.3103448275862069,0.27586206896551724,6.896551724137931,29
부산광역시 북구,30,0,3,0.36666666666666664,0.5666666666666667,10.0,30
부산광역시 사상구,44,0,4,0.38636363636363635,0.45454545454545453,9.090909090909092,44
부산광역시 사하구,42,0,5,0.4523809523809524,0.3333333333333333,11.904761904761903,42
부산광역시 서구,21,1,4,0.2857142857142857,0.3333333333333333,19.047619047619047,21
부산광역시 수영구,34,0,0,0.2647058823529412,0.4117647058823529,0.0,34
부산광역시 연제구,20,1,1,0.25,0.35,5.0,20
부산광역시 영도구,38,0,4,0.2894736842105263,0.631578947368421,10.526315789473683,38
부산광역시 중구,17,0,2,0.29411764705882354,0.4117647058823529,11.76470588235294,17
부산광역시 해운대구,41,1,3,0.1951219512195122,0.5365853658536586,7.317073170731707,41
서울특별시 강남구,34,0,4,0.3235294117647059,0.4117647058823529,11.76470588235294,34
서울특별시 강동구,38,1,2,0.4473684210526316,0.13157894736842105,5.263157894736842,38
서울특별시 강북구,38,0,4,0.631578947368421,0.13157894736842105,10.526315789473683,38
서울특별시 강서구,40,0,2,0.325,0.35,5.0,40
서울특별시 관악구,61,1,6,0.45901639344262296,0.22950819672131148,9.836065573770492,61
서울특별시 광진구,25,0,3,0.28,0.24,12.0,25
서울특별시 구로구,48,0,3,0.4166666666666667,0.3125,6.25,48
서울특별시 금천구,20,0,4,0.35,0.25,20.0,20
서울특별시 노원구,51,0,7,0.5294117647058824,0.21568627450980393,13.725490196078432,51
서울특별시 도봉구,63,1,6,0.4603174603174603,0.2857142857142857,9.523809523809524,63
서울특별시 동대문구,54,0,4,0.4444444444444444,0.2037037037037037,7.4074074074074066,54
서울특별시 동작구,22,0,2,0.36363636363636365,0.2727272727272727,9.090909090909092,22
서울특별시 마포구,46,0,5,0.15217391304347827,0.08695652173913043,10.869565217391305,46
서울특별시 서대문구,15,0,1,0.4666666666666667,0.3333333333333333,6.666666666666667,15
서울특별시 서초구,30,0,0,0.13333333333333333,0.5333333333333333,0.0,30
서울특별시 성동구,36,0,4,0.3333333333333333,0.3055555555555556,11.11111111111111,36
서울특별시 성북구,27,0,5,0.6296296296296297,0.18518518518518517,18.51851851851852,27
서울특별시 송파구,69,1,8,0.2028985507246377,0.2898550724637681,11.594202898550725,69
서울특별시 양천구,38,1,2,0.2894736842105263,0.34210526315789475,5.263157894736842,38
서울특별시 영등포구,88,0,12,0.13636363636363635,0.18181818181818182,13.636363636363635,88
서울특별시 용산구,36,0,4,0.4722222222222222,0.19444444444444445,11.11111111111111,36
서울특별시 은평구,77,0,6,0.33766233766233766,0.4025974025974026,7.792207792207792,77
서울특별시 종로구,41,1,3,0.4878048780487805,0.17073170731707318,7.317073170731707,41
서울특별시 중구,30,0,2,0.3333333333333333,0.1,6.666666666666667,30
서울특별시 중랑구,56,3,6,0.39285714285714285,0.30357142857142855,10.714285714285714,56
세종특별자치시 세종특별자치시,131,0,2,0.25190839694656486,0.48854961832061067,1.5267175572519083,131
울산광역시 남구,106,2,4,0.1509433962264151,0.6886792452830188,3.7735849056603774,106
울산광역시 동구,132,0,2,0.15151515151515152,0.7424242424242424,1.5151515151515151,132
울산광역시 북구,33,0,1,0.15151515151515152,0.6060606060606061,3.0303030303030303,33
울산광역시 울주군,126,0,5,0.16666666666666666,0.6984126984126984,3.968253968253968,126
울산광역시 중구,52,0,3,0.38461538461538464,0.4230769230769231,5.769230769230769,52
인천광역시 강화군,55,1,3,0.4909090909090909,0.38181818181818183,5.454545454545454,55
인천광역시 계양구,83,0,9,0.25301204819277107,0.37349397590361444,10.843373493975903,83
인천광역시 남동구,98,2,12,0.42857142857142855,0.336734693877551,12.244897959183673,98
인천광역시 동구,20,0,2,0.2,0.45,10.0,20
인천광역시 미추홀구,101,1,4,0.3564356435643564,0.3564356435643564,3.9603960396039604,101
인천광역시 부평구,69,2,11,0.2028985507246377,0.37681159420289856,15.942028985507244,69
인천광역시 서구,208,2,12,0.16826923076923078,0.6009615384615384,5.769230769230769,208
인천광역시 연수구,60,0,4,0.16666666666666666,0.6333333333333333,6.666666666666667,60
인천광역시 옹진군,6,0,1,0.5,0.0,16.666666666666664,6
인천광역시 중구,86,1,6,0.3023255813953488,0.43023255813953487,6.976744186046512,86
전라남도 강진군,20,0,1,0.45,0.45,5.0,20
전라남도 고흥군,32,1,3,0.65625,0.34375,9.375,32
전라남도 곡성군,24,0,0,0.3333333333333333,0.4166666666666667,0.0,24
전라남도 광양시,207,0,11,0.2318840579710145,0.6473429951690821,5.314009661835748,207
전라남도 구례군,43,0,0,0.4883720930232558,0.11627906976744186,0.0,43
전라남도 나주시,37,0,4,0.35135135135135137,0.43243243243243246,10.81081081081081,37
전라남도 담양군,29,0,2,0.41379310344827586,0.1724137931034483,6.896551724137931,29
전라남도 목포시,121,1,7,0.2809917355371901,0.4380165289256198,5.785123966942149,121
전라남도 무안군,63,0,6,0.30158730158730157,0.3492063492063492,9.523809523809524,63
전라남도 보성군,19,1,2,0.6842105263157895,0.10526315789473684,10.526315789473683,19
전라남도 순천시,157,1,7,0.20382165605095542,0.3630573248407643,4.45859872611465,157
전라남도 신안군,55,2,8,0.36363636363636365,0.2545454545454545,14.545454545454545,55
전라남도 여수시,218,1,17,0.25688073394495414,0.6192660550458715,7.79816513761468,218
전라남도 영광군,38,0,5,0.3684210526315789,0.15789473684210525,13.157894736842104,38
전라남도 영암군,55,1,10,0.10909090909090909,0.6363636363636364,18.181818181818183,55
전라남도 완도군,22,0,2,0.4090909090909091,0.3181818181818182,9.090909090909092,22
전라남도 장성군,27,1,3,0.25925925925925924,0.4444444444444444,11.11111111111111,27
전라남도 장흥군,8,1,1,0.125,0.25,12.5,8
전라남도 진도군,38,0,3,0.5789473684210527,0.23684210526315788,7.894736842105263,38
전라남도 함평군,48,0,0,0.4166666666666667,0.2708333333333333,0.0,48
전라남도 해남군,80,1,8,0.4875,0.1875,10.0,80
전라남도 화순군,20,0,0,0.3,0.2,0.0,20
전라북도 고창군,14,0,4,0.5,0.2857142857142857,28.57142857142857,14
전라북도 군산시,141,1,2,0.22695035460992907,0.49645390070921985,1.4184397163120568,141
전라북도 김제시,41,1,3,0.5365853658536586,0.3170731707317073,7.317073170731707,41
전라북도 남원시,57,0,0,0.42105263157894735,0.22807017543859648,0.0,57
전라북도 무주군,19,1,1,0.631578947368421,0.10526315789473684,5.263157894736842,19
전라북도 부안군,36,0,0,0.2777777777777778,0.2222222222222222,0.0,36
전라북도 순창군,39,0,0,0.46153846153846156,0.20512820512820512,0.0,39
전라북도 완주군,76,0,3,0.3026315789473684,0.3815789473684211,3.9473684210526314,76
전라북도 익산시,129,0,2,0.35658914728682173,0.3333333333333333,1.550387596899225,129
전라북도 임실군,36,0,4,0.3055555555555556,0.25,11.11111111111111,36
전라북도 장수군,19,0,1,0.7894736842105263,0.05263157894736842,5.263157894736842,19
전라북도 전주시,4,0,0,0.5,0.75,0.0,4
전라북도 전주시 덕진구,107,0,2,0.21495327102803738,0.411214953271028,1.8691588785046727,107
전라북도 전주시 완산구,84,0,1,0.23809523809523808,0.35714285714285715,1.1904761904761905,84
전라북도 정읍시,83,1,4,0.46987951807228917,0.2891566265060241,4.819277108433735,83
전라북도 진안군,58,3,4,0.5172413793103449,0.1896551724137931,6.896551724137931,58
제주특별자치도 서귀포시,146,1,7,0.3219178082191781,0.3219178082191781,4.794520547945205,146
제주특별자치도 제주시,406,1,16,0.23891625615763548,0.4014778325123153,3.9408866995073892,406
충청남도 계룡시,16,0,1,0.3125,0.25,6.25,16
충청남도 공주시,41,2,4,0.5365853658536586,0.12195121951219512,9.75609756097561,41
충청남도 금산군,17,0,0,0.4117647058823529,0.23529411764705882,0.0,17
충청남도 논산시,47,1,6,0.3829787234042553,0.19148936170212766,12.76595744680851,47
충청남도 당진시,144,3,8,0.22916666666666666,0.5347222222222222,5.555555555555555,144
충청남도 보령시,25,0,0,0.28,0.36,0.0,25
충청남도 부여군,60,3,4,0.3333333333333333,0.2,6.666666666666667,60
충청남도 서산시,92,0,5,0.358695652173913,0.391304347826087,5.434782608695652,92
충청남도 서천군,19,3,4,0.631578947368421,0.2631578947368421,21.052631578947366,19
충청남도 아산시,118,1,5,0.16101694915254236,0.576271186440678,4.23728813559322,118
충청남도 예산군,114,4,6,0.39473684210526316,0.4649122807017544,5.263157894736842,114
충청남도 천안시 동남구,65,0,4,0.26153846153846155,0.47692307692307695,6.153846153846154,65
충청남도 천안시 서북구,66,1,5,0.18181818181818182,0.48484848484848486,7.575757575757576,66
충청남도 청양군,47,1,3,0.425531914893617,0.2978723404255319,6.382978723404255,47
충청남도 태안군,23,2,2,0.34782608695652173,0.2608695652173913,8.695652173913043,23
충청남도 홍성군,59,0,4,0.3389830508474576,0.4067796610169492,6.779661016949152,59
충청북도 괴산군,30,0,3,0.43333333333333335,0.3333333333333333,10.0,30
충청북도 단양군,28,1,3,0.4642857142857143,0.2857142857142857,10.714285714285714,28
충청북도 보은군,35,1,3,0.42857142857142855,0.22857142857142856,8.571428571428571,35
충청북도 영동군,26,0,1,0.38461538461538464,0.2692307692307692,3.8461538461538463,26
충청북도 옥천군,46,0,1,0.4782608695652174,0.34782608695652173,2.1739130434782608,46
충청북도 음성군,60,0,5,0.23333333333333334,0.4666666666666667,8.333333333333332,60
충청북도 제천시,74,2,6,0.2972972972972973,0.35135135135135137,8.108108108108109,74
충청북도 증평군,19,0,3,0.47368421052631576,0.2631578947368421,15.789473684210526,19
충청북도 진천군,64,0,6,0.234375,0.578125,9.375,64
충청북도 청주시 상당구,93,0,2,0.27956989247311825,0.3870967741935484,2.1505376344086025,93
충청북도 청주시 서원구,50,0,0,0.28,0.46,0.0,50
충청북도 청주시 청원구,40,1,1,0.375,0.45,2.5,40
충청북도 청주시 흥덕구,110,2,5,0.23636363636363636,0.5181818181818182,4.545454545454546,110
충청북도 충주시,44,1,8,0.4090909090909091,0.22727272727272727,18.181818181818183,44
