시도,dt,온열
강원특별자치도,2020-05-29,1
강원특별자치도,2020-06-01,1
강원특별자치도,2020-06-03,1
강원특별자치도,2020-06-07,1
강원특별자치도,2020-06-08,3
강원특별자치도,2020-06-09,1
강원특별자치도,2020-06-11,1
강원특별자치도,2020-06-13,3
강원특별자치도,2020-06-14,1
강원특별자치도,2020-06-15,1
강원특별자치도,2020-06-22,1
강원특별자치도,2020-06-23,1
강원특별자치도,2020-06-27,1
강원특별자치도,2020-06-29,1
강원특별자치도,2020-07-03,1
강원특별자치도,2020-07-05,1
강원특별자치도,2020-07-09,1
강원특별자치도,2020-07-17,1
강원특별자치도,2020-07-29,1
강원특별자치도,2020-07-31,1
강원특별자치도,2020-08-05,1
강원특별자치도,2020-08-07,1
강원특별자치도,2020-08-12,1
강원특별자치도,2020-08-13,5
강원특별자치도,2020-08-14,2
강원특별자치도,2020-08-16,1
강원특별자치도,2020-08-17,2
강원특별자치도,2020-08-18,3
강원특별자치도,2020-08-19,2
강원특별자치도,2020-08-20,1
강원특별자치도,2020-08-21,1
강원특별자치도,2020-08-24,2
강원특별자치도,2020-08-25,2
강원특별자치도,2020-08-26,1
강원특별자치도,2020-09-01,1
강원특별자치도,2021-06-08,1
강원특별자치도,2021-06-09,1
강원특별자치도,2021-06-12,2
강원특별자치도,2021-06-25,1
강원특별자치도,2021-06-28,1
강원특별자치도,2021-07-01,1
강원특별자치도,2021-07-06,2
강원특별자치도,2021-07-13,1
강원특별자치도,2021-07-14,7
강원특별자치도,2021-07-15,1
강원특별자치도,2021-07-16,1
강원특별자치도,2021-07-18,2
강원특별자치도,2021-07-20,3
강원특별자치도,2021-07-22,1
강원특별자치도,2021-07-23,4
강원특별자치도,2021-07-24,1
강원특별자치도,2021-07-25,2
강원특별자치도,2021-07-26,2
강원특별자치도,2021-07-27,1
강원특별자치도,2021-07-28,2
강원특별자치도,2021-07-29,1
강원특별자치도,2021-07-30,1
강원특별자치도,2021-07-31,3
강원특별자치도,2021-08-02,1
강원특별자치도,2021-08-03,2
강원특별자치도,2021-08-04,1
강원특별자치도,2021-08-05,2
강원특별자치도,2021-08-06,2
강원특별자치도,2021-08-09,1
강원특별자치도,2021-08-19,1
강원특별자치도,2021-08-29,1
강원특별자치도,2021-09-08,1
강원특별자치도,2021-09-11,1
강원특별자치도,2022-05-20,1
강원특별자치도,2022-05-25,1
강원특별자치도,2022-05-28,1
강원특별자치도,2022-06-01,1
강원특별자치도,2022-06-17,1
강원특별자치도,2022-06-20,2
강원특별자치도,2022-06-21,1
강원특별자치도,2022-06-30,1
강원특별자치도,2022-07-02,11
강원특별자치도,2022-07-03,6
강원특별자치도,2022-07-04,4
강원특별자치도,2022-07-05,2
강원특별자치도,2022-07-06,1
강원특별자치도,2022-07-08,1
강원특별자치도,2022-07-25,1
강원특별자치도,2022-07-26,3
강원특별자치도,2022-07-27,1
강원특별자치도,2022-07-29,2
강원특별자치도,2022-08-01,1
강원특별자치도,2022-08-04,1
강원특별자치도,2022-08-05,1
강원특별자치도,2022-08-06,6
강원특별자치도,2022-08-07,4
강원특별자치도,2022-08-11,1
강원특별자치도,2022-08-12,1
강원특별자치도,2022-08-20,2
강원특별자치도,2022-08-21,1
강원특별자치도,2022-08-22,1
강원특별자치도,2022-09-17,1
강원특별자치도,2022-09-24,1
강원특별자치도,2023-05-21,2
강원특별자치도,2023-05-26,1
강원특별자치도,2023-05-29,1
강원특별자치도,2023-06-10,1
강원특별자치도,2023-06-15,1
강원특별자치도,2023-06-16,1
강원특별자치도,2023-06-17,1
강원특별자치도,2023-06-25,1
강원특별자치도,2023-06-28,1
강원특별자치도,2023-07-01,3
강원특별자치도,2023-07-03,6
강원특별자치도,2023-07-04,1
강원특별자치도,2023-07-05,2
강원특별자치도,2023-07-19,1
강원특별자치도,2023-07-20,6
강원특별자치도,2023-07-21,2
강원특별자치도,2023-07-22,3
강원특별자치도,2023-07-25,2
강원특별자치도,2023-07-26,2
강원특별자치도,2023-07-27,2
강원특별자치도,2023-07-28,6
강원특별자치도,2023-07-29,7
강원특별자치도,2023-07-30,2
강원특별자치도,2023-07-31,4
강원특별자치도,2023-08-01,4
강원특별자치도,2023-08-02,6
강원특별자치도,2023-08-03,3
강원특별자치도,2023-08-04,6
강원특별자치도,2023-08-05,5
강원특별자치도,2023-08-06,3
강원특별자치도,2023-08-07,1
강원특별자치도,2023-08-12,1
강원특별자치도,2023-08-13,1
강원특별자치도,2023-08-14,4
강원특별자치도,2023-08-15,2
강원특별자치도,2023-08-17,1
강원특별자치도,2023-08-18,1
강원특별자치도,2023-08-20,1
강원특별자치도,2023-08-21,2
강원특별자치도,2023-09-01,1
강원특별자치도,2023-09-09,1
강원특별자치도,2023-09-10,2
강원특별자치도,2024-05-23,1
강원특별자치도,2024-05-25,1
강원특별자치도,2024-05-29,1
강원특별자치도,2024-06-05,1
강원특별자치도,2024-06-07,1
강원특별자치도,2024-06-09,1
강원특별자치도,2024-06-11,2
강원특별자치도,2024-06-12,3
강원특별자치도,2024-06-13,2
강원특별자치도,2024-06-18,2
강원특별자치도,2024-06-19,3
강원특별자치도,2024-06-20,1
강원특별자치도,2024-06-21,1
강원특별자치도,2024-06-24,1
강원특별자치도,2024-06-25,1
강원특별자치도,2024-06-28,2
강원특별자치도,2024-06-29,1
강원특별자치도,2024-07-01,1
강원특별자치도,2024-07-04,1
강원특별자치도,2024-07-06,1
강원특별자치도,2024-07-08,1
강원특별자치도,2024-07-11,3
강원특별자치도,2024-07-12,1
강원특별자치도,2024-07-13,2
강원특별자치도,2024-07-14,2
강원특별자치도,2024-07-15,1
강원특별자치도,2024-07-19,1
강원특별자치도,2024-07-22,1
강원특별자치도,2024-07-23,1
강원특별자치도,2024-07-24,1
강원특별자치도,2024-07-25,5
강원특별자치도,2024-07-26,5
강원특별자치도,2024-07-27,1
강원특별자치도,2024-07-28,4
강원특별자치도,2024-07-29,2
강원특별자치도,2024-07-30,1
강원특별자치도,2024-07-31,4
강원특별자치도,2024-08-01,4
강원특별자치도,2024-08-02,5
강원특별자치도,2024-08-03,11
강원특별자치도,2024-08-04,8
강원특별자치도,2024-08-05,5
강원특별자치도,2024-08-06,4
강원특별자치도,2024-08-07,1
강원특별자치도,2024-08-08,3
강원특별자치도,2024-08-09,3
강원특별자치도,2024-08-10,2
강원특별자치도,2024-08-11,2
강원특별자치도,2024-08-12,9
강원특별자치도,2024-08-13,7
강원특별자치도,2024-08-14,2
강원특별자치도,2024-08-16,2
강원특별자치도,2024-08-17,3
강원특별자치도,2024-08-18,1
강원특별자치도,2024-08-19,4
강원특별자치도,2024-08-20,1
강원특별자치도,2024-08-22,2
강원특별자치도,2024-08-23,3
강원특별자치도,2024-08-25,4
강원특별자치도,2024-08-28,1
강원특별자치도,2024-08-31,2
강원특별자치도,2024-09-04,1
강원특별자치도,2024-09-08,3
강원특별자치도,2024-09-09,1
강원특별자치도,2024-09-17,1
강원특별자치도,2024-09-19,1
강원특별자치도,2025-05-17,1
강원특별자치도,2025-05-21,1
강원특별자치도,2025-05-22,1
강원특별자치도,2025-06-05,1
강원특별자치도,2025-06-06,1
강원특별자치도,2025-06-08,1
강원특별자치도,2025-06-09,1
강원특별자치도,2025-06-11,1
강원특별자치도,2025-06-12,2
강원특별자치도,2025-06-15,7
강원특별자치도,2025-06-17,2
강원특별자치도,2025-06-18,1
강원특별자치도,2025-06-19,1
강원특별자치도,2025-06-22,1
강원특별자치도,2025-06-23,1
강원특별자치도,2025-06-29,2
강원특별자치도,2025-07-01,1
강원특별자치도,2025-07-02,3
강원특별자치도,2025-07-03,2
강원특별자치도,2025-07-04,2
강원특별자치도,2025-07-05,3
강원특별자치도,2025-07-06,6
강원특별자치도,2025-07-07,9
강원특별자치도,2025-07-08,9
강원특별자치도,2025-07-09,5
강원특별자치도,2025-07-11,1
강원특별자치도,2025-07-16,1
강원특별자치도,2025-07-20,2
강원특별자치도,2025-07-21,1
강원특별자치도,2025-07-22,4
강원특별자치도,2025-07-23,2
강원특별자치도,2025-07-24,5
강원특별자치도,2025-07-25,2
강원특별자치도,2025-07-26,6
강원특별자치도,2025-07-27,5
강원특별자치도,2025-07-28,19
강원특별자치도,2025-07-29,3
강원특별자치도,2025-07-30,7
강원특별자치도,2025-07-31,1
강원특별자치도,2025-08-01,5
강원특별자치도,2025-08-02,5
강원특별자치도,2025-08-03,3
강원특별자치도,2025-08-05,2
강원특별자치도,2025-08-10,1
강원특별자치도,2025-08-15,3
강원특별자치도,2025-08-16,5
강원특별자치도,2025-08-17,1
강원특별자치도,2025-08-20,3
강원특별자치도,2025-08-21,1
강원특별자치도,2025-08-23,5
강원특별자치도,2025-08-24,2
강원특별자치도,2025-08-25,1
강원특별자치도,2025-08-27,1
강원특별자치도,2025-08-31,1
강원특별자치도,2025-09-04,1
강원특별자치도,2025-09-06,2
강원특별자치도,2025-09-07,1
강원특별자치도,2025-09-21,5
경기도,2020-05-28,1
경기도,2020-06-04,1
경기도,2020-06-05,2
경기도,2020-06-06,2
경기도,2020-06-08,2
경기도,2020-06-09,10
경기도,2020-06-10,6
경기도,2020-06-11,1
경기도,2020-06-13,2
경기도,2020-06-14,2
경기도,2020-06-15,1
경기도,2020-06-16,4
경기도,2020-06-20,2
경기도,2020-06-21,3
경기도,2020-06-22,5
경기도,2020-06-23,6
경기도,2020-06-25,1
경기도,2020-06-27,2
경기도,2020-06-28,1
경기도,2020-07-02,1
경기도,2020-07-03,2
경기도,2020-07-04,1
경기도,2020-07-05,1
경기도,2020-07-06,4
경기도,2020-07-07,1
경기도,2020-07-09,5
경기도,2020-07-11,1
경기도,2020-07-15,2
경기도,2020-07-16,9
경기도,2020-07-17,6
경기도,2020-07-19,1
경기도,2020-07-28,1
경기도,2020-07-30,1
경기도,2020-07-31,4
경기도,2020-08-09,1
경기도,2020-08-10,2
경기도,2020-08-12,1
경기도,2020-08-13,7
경기도,2020-08-14,1
경기도,2020-08-16,1
경기도,2020-08-17,7
경기도,2020-08-18,10
경기도,2020-08-19,8
경기도,2020-08-20,5
경기도,2020-08-21,5
경기도,2020-08-23,1
경기도,2020-08-25,10
경기도,2020-08-26,10
경기도,2020-08-27,1
경기도,2020-08-28,1
경기도,2020-08-30,3
경기도,2020-08-31,1
경기도,2020-09-01,1
경기도,2020-09-02,1
경기도,2020-09-04,2
경기도,2020-09-05,2
경기도,2020-09-06,1
경기도,2021-05-21,1
경기도,2021-06-06,1
경기도,2021-06-08,2
경기도,2021-06-09,4
경기도,2021-06-12,4
경기도,2021-06-13,3
경기도,2021-06-14,2
경기도,2021-06-20,2
경기도,2021-06-21,1
경기도,2021-06-22,1
경기도,2021-06-25,2
경기도,2021-06-29,5
경기도,2021-07-01,7
경기도,2021-07-02,2
경기도,2021-07-05,1
경기도,2021-07-06,1
경기도,2021-07-07,4
경기도,2021-07-08,2
경기도,2021-07-09,1
경기도,2021-07-10,1
경기도,2021-07-11,1
경기도,2021-07-12,4
경기도,2021-07-13,13
경기도,2021-07-14,8
경기도,2021-07-15,19
경기도,2021-07-16,12
경기도,2021-07-17,4
경기도,2021-07-18,2
경기도,2021-07-19,2
경기도,2021-07-20,7
경기도,2021-07-21,12
경기도,2021-07-22,9
경기도,2021-07-23,13
경기도,2021-07-24,4
경기도,2021-07-25,9
경기도,2021-07-26,9
경기도,2021-07-27,18
경기도,2021-07-28,10
경기도,2021-07-29,8
경기도,2021-07-30,6
경기도,2021-07-31,6
경기도,2021-08-01,3
경기도,2021-08-02,2
경기도,2021-08-03,4
경기도,2021-08-04,4
경기도,2021-08-05,7
경기도,2021-08-06,7
경기도,2021-08-07,3
경기도,2021-08-08,1
경기도,2021-08-09,3
경기도,2021-08-10,2
경기도,2021-08-11,1
경기도,2021-08-12,1
경기도,2021-08-13,1
경기도,2021-08-16,2
경기도,2021-08-17,2
경기도,2021-08-19,1
경기도,2021-08-20,1
경기도,2021-08-26,3
경기도,2022-05-22,1
경기도,2022-05-23,1
경기도,2022-05-28,2
경기도,2022-06-03,4
경기도,2022-06-04,1
경기도,2022-06-06,1
경기도,2022-06-08,1
경기도,2022-06-10,3
경기도,2022-06-11,1
경기도,2022-06-12,2
경기도,2022-06-21,9
경기도,2022-06-22,2
경기도,2022-06-25,1
경기도,2022-06-29,2
경기도,2022-07-01,4
경기도,2022-07-02,33
경기도,2022-07-03,9
경기도,2022-07-04,17
경기도,2022-07-05,22
경기도,2022-07-06,19
경기도,2022-07-07,10
경기도,2022-07-08,5
경기도,2022-07-09,7
경기도,2022-07-10,11
경기도,2022-07-11,4
경기도,2022-07-12,8
경기도,2022-07-14,2
경기도,2022-07-15,2
경기도,2022-07-16,1
경기도,2022-07-17,1
경기도,2022-07-18,3
경기도,2022-07-19,4
경기도,2022-07-20,2
경기도,2022-07-22,1
경기도,2022-07-23,3
경기도,2022-07-24,1
경기도,2022-07-25,9
경기도,2022-07-26,13
경기도,2022-07-27,3
경기도,2022-07-28,8
경기도,2022-07-29,13
경기도,2022-07-30,19
경기도,2022-07-31,2
경기도,2022-08-01,7
경기도,2022-08-03,3
경기도,2022-08-04,9
경기도,2022-08-05,11
경기도,2022-08-06,12
경기도,2022-08-07,10
경기도,2022-08-10,1
경기도,2022-08-11,3
경기도,2022-08-12,5
경기도,2022-08-14,3
경기도,2022-08-15,1
경기도,2022-08-16,2
경기도,2022-08-17,3
경기도,2022-08-20,2
경기도,2022-08-21,2
경기도,2022-08-22,1
경기도,2022-08-23,2
경기도,2022-08-26,1
경기도,2022-08-31,1
경기도,2022-09-02,1
경기도,2022-09-07,1
경기도,2022-09-09,1
경기도,2022-09-16,1
경기도,2022-09-21,1
경기도,2022-09-24,1
경기도,2022-09-27,1
경기도,2023-05-20,4
경기도,2023-05-21,1
경기도,2023-05-23,1
경기도,2023-05-30,1
경기도,2023-05-31,1
경기도,2023-06-04,1
경기도,2023-06-05,1
경기도,2023-06-06,2
경기도,2023-06-07,1
경기도,2023-06-09,1
경기도,2023-06-11,1
경기도,2023-06-14,2
경기도,2023-06-15,1
경기도,2023-06-16,1
경기도,2023-06-17,2
경기도,2023-06-18,1
경기도,2023-06-19,7
경기도,2023-06-20,1
경기도,2023-06-22,1
경기도,2023-06-23,3
경기도,2023-06-24,5
경기도,2023-06-25,6
경기도,2023-06-27,2
경기도,2023-06-28,4
경기도,2023-06-30,6
경기도,2023-07-01,14
경기도,2023-07-02,3
경기도,2023-07-03,23
경기도,2023-07-04,2
경기도,2023-07-05,3
경기도,2023-07-06,4
경기도,2023-07-07,2
경기도,2023-07-08,4
경기도,2023-07-09,1
경기도,2023-07-10,5
경기도,2023-07-11,1
경기도,2023-07-12,6
경기도,2023-07-13,2
경기도,2023-07-14,1
경기도,2023-07-17,1
경기도,2023-07-18,4
경기도,2023-07-19,19
경기도,2023-07-20,26
경기도,2023-07-21,34
경기도,2023-07-22,5
경기도,2023-07-23,1
경기도,2023-07-24,4
경기도,2023-07-25,2
경기도,2023-07-26,7
경기도,2023-07-27,11
경기도,2023-07-28,15
경기도,2023-07-29,20
경기도,2023-07-30,16
경기도,2023-07-31,19
경기도,2023-08-01,26
경기도,2023-08-02,21
경기도,2023-08-03,23
경기도,2023-08-04,25
경기도,2023-08-05,15
경기도,2023-08-06,26
경기도,2023-08-07,31
경기도,2023-08-08,21
경기도,2023-08-09,8
경기도,2023-08-10,1
경기도,2023-08-11,2
경기도,2023-08-12,2
경기도,2023-08-13,5
경기도,2023-08-14,28
경기도,2023-08-15,23
경기도,2023-08-16,8
경기도,2023-08-17,15
경기도,2023-08-18,25
경기도,2023-08-19,15
경기도,2023-08-20,4
경기도,2023-08-21,11
경기도,2023-08-22,3
경기도,2023-08-23,2
경기도,2023-08-25,1
경기도,2023-08-26,4
경기도,2023-08-27,2
경기도,2023-08-29,1
경기도,2023-08-30,1
경기도,2023-09-01,1
경기도,2023-09-02,5
경기도,2023-09-03,2
경기도,2023-09-05,2
경기도,2023-09-06,5
경기도,2023-09-07,2
경기도,2023-09-12,1
경기도,2023-09-17,1
경기도,2023-09-18,1
경기도,2023-09-19,1
경기도,2023-09-23,1
경기도,2024-05-22,3
경기도,2024-05-23,2
경기도,2024-05-24,1
경기도,2024-05-25,2
경기도,2024-05-29,1
경기도,2024-05-31,1
경기도,2024-06-02,1
경기도,2024-06-04,1
경기도,2024-06-06,1
경기도,2024-06-07,2
경기도,2024-06-09,8
경기도,2024-06-10,5
경기도,2024-06-11,6
경기도,2024-06-12,2
경기도,2024-06-13,1
경기도,2024-06-14,5
경기도,2024-06-15,3
경기도,2024-06-16,1
경기도,2024-06-17,2
경기도,2024-06-18,3
경기도,2024-06-19,9
경기도,2024-06-20,8
경기도,2024-06-21,5
경기도,2024-06-22,2
경기도,2024-06-23,3
경기도,2024-06-24,4
경기도,2024-06-26,6
경기도,2024-06-27,1
경기도,2024-06-28,4
경기도,2024-06-29,4
경기도,2024-06-30,2
경기도,2024-07-01,2
경기도,2024-07-04,4
경기도,2024-07-05,1
경기도,2024-07-06,3
경기도,2024-07-08,2
경기도,2024-07-09,1
경기도,2024-07-10,5
경기도,2024-07-11,2
경기도,2024-07-12,1
경기도,2024-07-13,5
경기도,2024-07-14,6
경기도,2024-07-15,10
경기도,2024-07-19,2
경기도,2024-07-20,2
경기도,2024-07-24,5
경기도,2024-07-25,20
경기도,2024-07-26,7
경기도,2024-07-27,8
경기도,2024-07-28,6
경기도,2024-07-29,5
경기도,2024-07-30,1
경기도,2024-07-31,14
경기도,2024-08-01,15
경기도,2024-08-02,16
경기도,2024-08-03,24
경기도,2024-08-04,29
경기도,2024-08-05,34
경기도,2024-08-06,19
경기도,2024-08-07,18
경기도,2024-08-08,7
경기도,2024-08-09,12
경기도,2024-08-10,24
경기도,2024-08-11,13
경기도,2024-08-12,36
경기도,2024-08-13,22
경기도,2024-08-14,22
경기도,2024-08-15,25
경기도,2024-08-16,18
경기도,2024-08-17,28
경기도,2024-08-18,7
경기도,2024-08-19,27
경기도,2024-08-20,40
경기도,2024-08-21,3
경기도,2024-08-22,6
경기도,2024-08-23,1
경기도,2024-08-24,2
경기도,2024-08-25,7
경기도,2024-08-26,5
경기도,2024-08-28,2
경기도,2024-08-29,5
경기도,2024-08-30,4
경기도,2024-08-31,4
경기도,2024-09-01,4
경기도,2024-09-03,1
경기도,2024-09-04,8
경기도,2024-09-05,2
경기도,2024-09-06,1
경기도,2024-09-07,3
경기도,2024-09-08,7
경기도,2024-09-09,4
경기도,2024-09-10,16
경기도,2024-09-11,7
경기도,2024-09-12,2
경기도,2024-09-14,2
경기도,2024-09-15,1
경기도,2024-09-17,1
경기도,2024-09-18,5
경기도,2024-09-19,13
경기도,2024-09-20,1
경기도,2024-09-21,1
경기도,2024-09-27,1
경기도,2024-09-28,1
경기도,2025-05-20,1
경기도,2025-05-21,7
경기도,2025-05-28,1
경기도,2025-05-29,2
경기도,2025-06-01,1
경기도,2025-06-05,2
경기도,2025-06-07,2
경기도,2025-06-08,1
경기도,2025-06-09,1
경기도,2025-06-11,2
경기도,2025-06-12,4
경기도,2025-06-14,5
경기도,2025-06-15,3
경기도,2025-06-17,1
경기도,2025-06-18,4
경기도,2025-06-19,4
경기도,2025-06-21,1
경기도,2025-06-22,4
경기도,2025-06-23,5
경기도,2025-06-24,3
경기도,2025-06-28,3
경기도,2025-06-29,5
경기도,2025-06-30,5
경기도,2025-07-01,5
경기도,2025-07-02,12
경기도,2025-07-03,7
경기도,2025-07-04,5
경기도,2025-07-05,6
경기도,2025-07-06,9
경기도,2025-07-07,19
경기도,2025-07-08,95
경기도,2025-07-09,39
경기도,2025-07-10,32
경기도,2025-07-11,14
경기도,2025-07-12,19
경기도,2025-07-13,4
경기도,2025-07-14,3
경기도,2025-07-15,1
경기도,2025-07-16,2
경기도,2025-07-17,1
경기도,2025-07-18,3
경기도,2025-07-19,5
경기도,2025-07-20,14
경기도,2025-07-21,9
경기도,2025-07-22,22
경기도,2025-07-23,22
경기도,2025-07-24,33
경기도,2025-07-25,38
경기도,2025-07-26,48
경기도,2025-07-27,29
경기도,2025-07-28,54
경기도,2025-07-29,35
경기도,2025-07-30,31
경기도,2025-07-31,24
경기도,2025-08-01,26
경기도,2025-08-02,32
경기도,2025-08-03,9
경기도,2025-08-04,6
경기도,2025-08-05,13
경기도,2025-08-06,1
경기도,2025-08-07,7
경기도,2025-08-08,5
경기도,2025-08-09,3
경기도,2025-08-10,3
경기도,2025-08-12,8
경기도,2025-08-13,2
경기도,2025-08-14,2
경기도,2025-08-15,5
경기도,2025-08-16,11
경기도,2025-08-17,4
경기도,2025-08-18,11
경기도,2025-08-19,12
경기도,2025-08-20,12
경기도,2025-08-21,20
경기도,2025-08-22,2
경기도,2025-08-23,6
경기도,2025-08-24,9
경기도,2025-08-25,13
경기도,2025-08-26,1
경기도,2025-08-27,5
경기도,2025-08-28,3
경기도,2025-08-29,6
경기도,2025-08-30,9
경기도,2025-08-31,5
경기도,2025-09-01,1
경기도,2025-09-02,5
경기도,2025-09-03,1
경기도,2025-09-05,3
경기도,2025-09-06,1
경기도,2025-09-08,1
경기도,2025-09-10,2
경기도,2025-09-11,3
경기도,2025-09-14,1
경기도,2025-09-16,2
경상남도,2020-05-29,1
경상남도,2020-06-01,1
경상남도,2020-06-04,3
경상남도,2020-06-07,1
경상남도,2020-06-09,6
경상남도,2020-06-10,3
경상남도,2020-06-11,2
경상남도,2020-06-15,3
경상남도,2020-06-19,1
경상남도,2020-06-22,2
경상남도,2020-06-23,1
경상남도,2020-06-26,1
경상남도,2020-06-28,3
경상남도,2020-07-07,1
경상남도,2020-07-11,1
경상남도,2020-07-16,1
경상남도,2020-07-17,2
경상남도,2020-07-20,1
경상남도,2020-07-21,2
경상남도,2020-07-26,1
경상남도,2020-07-30,1
경상남도,2020-07-31,3
경상남도,2020-08-01,3
경상남도,2020-08-02,2
경상남도,2020-08-04,5
경상남도,2020-08-05,1
경상남도,2020-08-08,1
경상남도,2020-08-10,1
경상남도,2020-08-11,3
경상남도,2020-08-12,5
경상남도,2020-08-13,5
경상남도,2020-08-14,9
경상남도,2020-08-15,10
경상남도,2020-08-16,2
경상남도,2020-08-17,8
경상남도,2020-08-18,4
경상남도,2020-08-19,7
경상남도,2020-08-20,9
경상남도,2020-08-21,2
경상남도,2020-08-24,3
경상남도,2020-08-25,5
경상남도,2020-08-28,1
경상남도,2020-08-29,2
경상남도,2020-08-30,6
경상남도,2020-08-31,1
경상남도,2020-09-01,2
경상남도,2021-06-01,1
경상남도,2021-06-07,1
경상남도,2021-06-08,2
경상남도,2021-06-09,1
경상남도,2021-06-19,1
경상남도,2021-06-20,2
경상남도,2021-07-04,1
경상남도,2021-07-09,1
경상남도,2021-07-10,1
경상남도,2021-07-11,5
경상남도,2021-07-12,5
경상남도,2021-07-13,4
경상남도,2021-07-14,7
경상남도,2021-07-15,2
경상남도,2021-07-16,3
경상남도,2021-07-18,2
경상남도,2021-07-19,1
경상남도,2021-07-20,6
경상남도,2021-07-21,5
경상남도,2021-07-22,5
경상남도,2021-07-23,1
경상남도,2021-07-24,5
경상남도,2021-07-25,1
경상남도,2021-07-26,1
경상남도,2021-07-27,4
경상남도,2021-07-28,3
경상남도,2021-07-29,2
경상남도,2021-07-31,6
경상남도,2021-08-01,12
경상남도,2021-08-02,3
경상남도,2021-08-03,1
경상남도,2021-08-04,2
경상남도,2021-08-05,4
경상남도,2021-08-06,3
경상남도,2021-08-07,5
경상남도,2021-08-09,2
경상남도,2021-08-15,1
경상남도,2021-08-20,1
경상남도,2021-08-26,4
경상남도,2021-08-28,2
경상남도,2021-08-30,1
경상남도,2021-08-31,1
경상남도,2021-09-02,1
경상남도,2021-09-08,2
경상남도,2021-09-09,1
경상남도,2021-09-24,1
경상남도,2022-05-24,1
경상남도,2022-05-25,2
경상남도,2022-06-02,1
경상남도,2022-06-03,1
경상남도,2022-06-06,1
경상남도,2022-06-12,1
경상남도,2022-06-16,1
경상남도,2022-06-18,1
경상남도,2022-06-19,3
경상남도,2022-06-20,4
경상남도,2022-06-21,1
경상남도,2022-06-22,1
경상남도,2022-06-24,1
경상남도,2022-06-26,2
경상남도,2022-06-29,1
경상남도,2022-06-30,1
경상남도,2022-07-01,10
경상남도,2022-07-02,15
경상남도,2022-07-03,2
경상남도,2022-07-04,3
경상남도,2022-07-05,4
경상남도,2022-07-06,2
경상남도,2022-07-07,8
경상남도,2022-07-08,1
경상남도,2022-07-09,4
경상남도,2022-07-10,2
경상남도,2022-07-13,1
경상남도,2022-07-14,3
경상남도,2022-07-15,4
경상남도,2022-07-16,1
경상남도,2022-07-19,2
경상남도,2022-07-20,5
경상남도,2022-07-21,1
경상남도,2022-07-22,1
경상남도,2022-07-23,1
경상남도,2022-07-24,1
경상남도,2022-07-25,1
경상남도,2022-07-26,1
경상남도,2022-07-27,1
경상남도,2022-07-28,2
경상남도,2022-07-29,1
경상남도,2022-08-03,2
경상남도,2022-08-04,3
경상남도,2022-08-05,3
경상남도,2022-08-06,10
경상남도,2022-08-07,5
경상남도,2022-08-08,5
경상남도,2022-08-09,3
경상남도,2022-08-10,1
경상남도,2022-08-12,3
경상남도,2022-08-13,3
경상남도,2022-08-15,4
경상남도,2022-08-21,1
경상남도,2022-08-22,3
경상남도,2022-08-23,1
경상남도,2022-08-26,1
경상남도,2022-08-27,1
경상남도,2022-09-04,2
경상남도,2022-09-17,1
경상남도,2023-05-21,3
경상남도,2023-06-02,2
경상남도,2023-06-03,1
경상남도,2023-06-04,1
경상남도,2023-06-10,1
경상남도,2023-06-11,1
경상남도,2023-06-16,1
경상남도,2023-06-18,2
경상남도,2023-06-19,2
경상남도,2023-06-20,1
경상남도,2023-06-23,3
경상남도,2023-06-28,1
경상남도,2023-07-02,3
경상남도,2023-07-03,4
경상남도,2023-07-05,1
경상남도,2023-07-06,1
경상남도,2023-07-10,3
경상남도,2023-07-11,1
경상남도,2023-07-12,1
경상남도,2023-07-13,2
경상남도,2023-07-14,1
경상남도,2023-07-15,1
경상남도,2023-07-17,1
경상남도,2023-07-19,1
경상남도,2023-07-20,6
경상남도,2023-07-21,2
경상남도,2023-07-25,3
경상남도,2023-07-26,1
경상남도,2023-07-27,11
경상남도,2023-07-28,14
경상남도,2023-07-29,11
경상남도,2023-07-30,8
경상남도,2023-07-31,9
경상남도,2023-08-01,3
경상남도,2023-08-02,5
경상남도,2023-08-03,11
경상남도,2023-08-04,14
경상남도,2023-08-05,15
경상남도,2023-08-06,5
경상남도,2023-08-07,5
경상남도,2023-08-08,7
경상남도,2023-08-09,1
경상남도,2023-08-12,5
경상남도,2023-08-13,4
경상남도,2023-08-14,6
경상남도,2023-08-15,3
경상남도,2023-08-16,1
경상남도,2023-08-17,2
경상남도,2023-08-18,4
경상남도,2023-08-20,5
경상남도,2023-08-21,2
경상남도,2023-08-22,8
경상남도,2023-08-23,1
경상남도,2023-08-26,1
경상남도,2023-08-30,1
경상남도,2023-08-31,1
경상남도,2023-09-03,2
경상남도,2023-09-04,1
경상남도,2023-09-05,2
경상남도,2023-09-06,2
경상남도,2023-09-08,1
경상남도,2023-09-11,2
경상남도,2023-09-12,1
경상남도,2023-09-13,1
경상남도,2024-05-23,1
경상남도,2024-05-24,1
경상남도,2024-05-29,1
경상남도,2024-06-04,1
경상남도,2024-06-09,1
경상남도,2024-06-10,1
경상남도,2024-06-11,6
경상남도,2024-06-12,6
경상남도,2024-06-13,4
경상남도,2024-06-14,2
경상남도,2024-06-15,4
경상남도,2024-06-18,1
경상남도,2024-06-19,1
경상남도,2024-06-21,1
경상남도,2024-06-24,2
경상남도,2024-06-26,1
경상남도,2024-07-01,1
경상남도,2024-07-03,4
경상남도,2024-07-04,4
경상남도,2024-07-06,1
경상남도,2024-07-07,1
경상남도,2024-07-08,1
경상남도,2024-07-09,1
경상남도,2024-07-12,2
경상남도,2024-07-16,1
경상남도,2024-07-17,1
경상남도,2024-07-18,2
경상남도,2024-07-19,1
경상남도,2024-07-20,2
경상남도,2024-07-21,5
경상남도,2024-07-22,5
경상남도,2024-07-23,5
경상남도,2024-07-24,2
경상남도,2024-07-25,7
경상남도,2024-07-26,3
경상남도,2024-07-27,5
경상남도,2024-07-28,7
경상남도,2024-07-29,9
경상남도,2024-07-30,12
경상남도,2024-07-31,14
경상남도,2024-08-01,13
경상남도,2024-08-02,7
경상남도,2024-08-03,38
경상남도,2024-08-04,9
경상남도,2024-08-05,4
경상남도,2024-08-06,16
경상남도,2024-08-07,6
경상남도,2024-08-08,13
경상남도,2024-08-09,2
경상남도,2024-08-10,4
경상남도,2024-08-11,2
경상남도,2024-08-12,3
경상남도,2024-08-13,8
경상남도,2024-08-14,8
경상남도,2024-08-15,6
경상남도,2024-08-16,2
경상남도,2024-08-17,1
경상남도,2024-08-18,2
경상남도,2024-08-19,2
경상남도,2024-08-20,1
경상남도,2024-08-21,4
경상남도,2024-08-22,9
경상남도,2024-08-23,6
경상남도,2024-08-24,11
경상남도,2024-08-25,11
경상남도,2024-08-26,2
경상남도,2024-08-27,1
경상남도,2024-08-29,2
경상남도,2024-08-30,4
경상남도,2024-08-31,1
경상남도,2024-09-01,2
경상남도,2024-09-02,2
경상남도,2024-09-04,1
경상남도,2024-09-06,3
경상남도,2024-09-07,1
경상남도,2024-09-08,1
경상남도,2024-09-09,6
경상남도,2024-09-10,2
경상남도,2024-09-11,1
경상남도,2024-09-12,4
경상남도,2024-09-13,5
경상남도,2024-09-14,5
경상남도,2024-09-15,1
경상남도,2024-09-17,5
경상남도,2024-09-18,1
경상남도,2024-09-19,4
경상남도,2024-09-20,1
경상남도,2024-09-22,1
경상남도,2024-09-25,1
경상남도,2024-09-27,2
경상남도,2025-05-26,1
경상남도,2025-05-28,1
경상남도,2025-06-01,1
경상남도,2025-06-07,2
경상남도,2025-06-08,2
경상남도,2025-06-10,3
경상남도,2025-06-12,1
경상남도,2025-06-15,2
경상남도,2025-06-18,5
경상남도,2025-06-19,2
경상남도,2025-06-20,1
경상남도,2025-06-21,1
경상남도,2025-06-22,1
경상남도,2025-06-23,2
경상남도,2025-06-27,4
경상남도,2025-06-28,9
경상남도,2025-06-29,3
경상남도,2025-06-30,6
경상남도,2025-07-01,6
경상남도,2025-07-02,18
경상남도,2025-07-03,8
경상남도,2025-07-04,9
경상남도,2025-07-05,10
경상남도,2025-07-06,10
경상남도,2025-07-07,14
경상남도,2025-07-08,13
경상남도,2025-07-09,4
경상남도,2025-07-10,6
경상남도,2025-07-11,4
경상남도,2025-07-12,3
경상남도,2025-07-14,2
경상남도,2025-07-20,3
경상남도,2025-07-21,9
경상남도,2025-07-22,19
경상남도,2025-07-23,6
경상남도,2025-07-24,5
경상남도,2025-07-25,1
경상남도,2025-07-26,4
경상남도,2025-07-27,6
경상남도,2025-07-28,6
경상남도,2025-07-29,3
경상남도,2025-07-30,6
경상남도,2025-07-31,4
경상남도,2025-08-01,8
경상남도,2025-08-02,11
경상남도,2025-08-03,1
경상남도,2025-08-04,2
경상남도,2025-08-05,4
경상남도,2025-08-06,3
경상남도,2025-08-07,4
경상남도,2025-08-09,1
경상남도,2025-08-13,4
경상남도,2025-08-14,13
경상남도,2025-08-15,26
경상남도,2025-08-16,9
경상남도,2025-08-17,4
경상남도,2025-08-18,3
경상남도,2025-08-19,6
경상남도,2025-08-20,3
경상남도,2025-08-21,7
경상남도,2025-08-22,5
경상남도,2025-08-23,6
경상남도,2025-08-24,2
경상남도,2025-08-25,5
경상남도,2025-08-27,1
경상남도,2025-08-28,1
경상남도,2025-08-29,7
경상남도,2025-08-30,4
경상남도,2025-08-31,1
경상남도,2025-09-01,1
경상남도,2025-09-04,2
경상남도,2025-09-05,3
경상남도,2025-09-06,1
경상남도,2025-09-07,2
경상남도,2025-09-12,1
경상남도,2025-09-14,1
경상남도,2025-09-16,1
경상남도,2025-09-17,1
경상남도,2025-09-20,1
경상남도,2025-09-25,1
경상북도,2020-06-04,2
경상북도,2020-06-05,1
경상북도,2020-06-07,1
경상북도,2020-06-08,2
경상북도,2020-06-09,3
경상북도,2020-06-10,7
경상북도,2020-06-11,2
경상북도,2020-06-15,2
경상북도,2020-06-16,1
경상북도,2020-06-21,1
경상북도,2020-06-22,3
경상북도,2020-06-23,2
경상북도,2020-06-27,2
경상북도,2020-06-28,2
경상북도,2020-07-07,2
경상북도,2020-07-09,2
경상북도,2020-07-11,1
경상북도,2020-07-16,1
경상북도,2020-07-17,1
경상북도,2020-07-31,1
경상북도,2020-08-01,2
경상북도,2020-08-03,3
경상북도,2020-08-04,3
경상북도,2020-08-05,4
경상북도,2020-08-06,1
경상북도,2020-08-09,2
경상북도,2020-08-10,1
경상북도,2020-08-11,1
경상북도,2020-08-12,1
경상북도,2020-08-13,4
경상북도,2020-08-14,6
경상북도,2020-08-15,7
경상북도,2020-08-16,5
경상북도,2020-08-17,3
경상북도,2020-08-18,7
경상북도,2020-08-19,7
경상북도,2020-08-20,4
경상북도,2020-08-21,1
경상북도,2020-08-22,1
경상북도,2020-08-23,1
경상북도,2020-08-24,1
경상북도,2020-08-25,5
경상북도,2020-08-26,1
경상북도,2020-08-27,2
경상북도,2020-08-28,2
경상북도,2020-08-29,1
경상북도,2020-08-30,2
경상북도,2020-09-02,1
경상북도,2020-09-04,1
경상북도,2021-05-29,1
경상북도,2021-06-02,2
경상북도,2021-06-08,1
경상북도,2021-06-09,2
경상북도,2021-06-10,1
경상북도,2021-06-25,1
경상북도,2021-06-30,1
경상북도,2021-07-01,1
경상북도,2021-07-10,1
경상북도,2021-07-11,3
경상북도,2021-07-12,4
경상북도,2021-07-13,7
경상북도,2021-07-14,10
경상북도,2021-07-15,5
경상북도,2021-07-16,1
경상북도,2021-07-18,1
경상북도,2021-07-19,1
경상북도,2021-07-20,4
경상북도,2021-07-21,4
경상북도,2021-07-22,4
경상북도,2021-07-23,6
경상북도,2021-07-24,1
경상북도,2021-07-26,1
경상북도,2021-07-27,4
경상북도,2021-07-28,1
경상북도,2021-07-29,3
경상북도,2021-07-30,2
경상북도,2021-07-31,3
경상북도,2021-08-01,5
경상북도,2021-08-02,1
경상북도,2021-08-03,3
경상북도,2021-08-04,6
경상북도,2021-08-05,6
경상북도,2021-08-06,6
경상북도,2021-08-07,7
경상북도,2021-08-08,1
경상북도,2021-08-11,2
경상북도,2021-08-12,2
경상북도,2021-08-16,1
경상북도,2021-08-19,1
경상북도,2021-08-20,1
경상북도,2021-08-23,1
경상북도,2021-08-26,1
경상북도,2021-08-28,1
경상북도,2021-08-30,1
경상북도,2021-09-02,1
경상북도,2021-09-12,1
경상북도,2022-05-20,1
경상북도,2022-05-25,2
경상북도,2022-05-28,1
경상북도,2022-06-01,3
경상북도,2022-06-17,2
경상북도,2022-06-18,6
경상북도,2022-06-20,1
경상북도,2022-06-21,2
경상북도,2022-06-22,5
경상북도,2022-06-24,1
경상북도,2022-06-25,1
경상북도,2022-06-26,1
경상북도,2022-06-29,2
경상북도,2022-06-30,4
경상북도,2022-07-01,4
경상북도,2022-07-02,5
경상북도,2022-07-03,13
경상북도,2022-07-04,2
경상북도,2022-07-06,2
경상북도,2022-07-07,3
경상북도,2022-07-08,3
경상북도,2022-07-09,2
경상북도,2022-07-10,2
경상북도,2022-07-11,1
경상북도,2022-07-12,1
경상북도,2022-07-15,1
경상북도,2022-07-16,1
경상북도,2022-07-17,1
경상북도,2022-07-20,3
경상북도,2022-07-25,5
경상북도,2022-07-26,2
경상북도,2022-07-27,1
경상북도,2022-07-29,3
경상북도,2022-08-01,1
경상북도,2022-08-03,7
경상북도,2022-08-04,6
경상북도,2022-08-05,5
경상북도,2022-08-06,7
경상북도,2022-08-07,7
경상북도,2022-08-08,1
경상북도,2022-08-10,1
경상북도,2022-08-12,2
경상북도,2022-08-13,3
경상북도,2022-08-14,5
경상북도,2022-08-15,2
경상북도,2022-08-16,1
경상북도,2022-08-18,1
경상북도,2022-08-20,1
경상북도,2022-09-04,1
경상북도,2022-09-14,1
경상북도,2022-09-17,2
경상북도,2022-09-18,1
경상북도,2023-05-20,3
경상북도,2023-05-21,2
경상북도,2023-06-02,1
경상북도,2023-06-10,3
경상북도,2023-06-13,1
경상북도,2023-06-16,1
경상북도,2023-06-17,1
경상북도,2023-06-22,1
경상북도,2023-06-23,2
경상북도,2023-06-24,1
경상북도,2023-06-27,1
경상북도,2023-06-28,1
경상북도,2023-07-01,3
경상북도,2023-07-02,8
경상북도,2023-07-03,4
경상북도,2023-07-04,1
경상북도,2023-07-05,2
경상북도,2023-07-06,3
경상북도,2023-07-07,1
경상북도,2023-07-08,2
경상북도,2023-07-09,2
경상북도,2023-07-10,2
경상북도,2023-07-12,1
경상북도,2023-07-13,1
경상북도,2023-07-16,1
경상북도,2023-07-17,2
경상북도,2023-07-19,5
경상북도,2023-07-20,3
경상북도,2023-07-21,3
경상북도,2023-07-23,2
경상북도,2023-07-26,2
경상북도,2023-07-27,2
경상북도,2023-07-28,10
경상북도,2023-07-29,14
경상북도,2023-07-30,10
경상북도,2023-07-31,4
경상북도,2023-08-01,7
경상북도,2023-08-02,6
경상북도,2023-08-03,12
경상북도,2023-08-04,12
경상북도,2023-08-05,19
경상북도,2023-08-06,9
경상북도,2023-08-07,7
경상북도,2023-08-08,2
경상북도,2023-08-11,2
경상북도,2023-08-12,6
경상북도,2023-08-13,2
경상북도,2023-08-14,2
경상북도,2023-08-15,7
경상북도,2023-08-16,3
경상북도,2023-08-17,3
경상북도,2023-08-18,2
경상북도,2023-08-19,4
경상북도,2023-08-20,3
경상북도,2023-08-21,7
경상북도,2023-08-22,4
경상북도,2023-08-23,9
경상북도,2023-08-24,1
경상북도,2023-08-26,1
경상북도,2023-08-27,1
경상북도,2023-08-31,1
경상북도,2023-09-03,2
경상북도,2023-09-05,1
경상북도,2023-09-06,2
경상북도,2023-09-07,1
경상북도,2023-09-09,1
경상북도,2023-09-10,2
경상북도,2023-09-11,1
경상북도,2023-09-12,2
경상북도,2023-09-17,1
경상북도,2023-09-18,2
경상북도,2023-09-19,2
경상북도,2024-05-22,2
경상북도,2024-05-23,1
경상북도,2024-05-24,6
경상북도,2024-06-05,2
경상북도,2024-06-10,2
경상북도,2024-06-11,1
경상북도,2024-06-12,4
경상북도,2024-06-13,4
경상북도,2024-06-14,5
경상북도,2024-06-15,3
경상북도,2024-06-16,1
경상북도,2024-06-18,2
경상북도,2024-06-19,2
경상북도,2024-06-20,1
경상북도,2024-06-21,3
경상북도,2024-06-22,1
경상북도,2024-06-24,1
경상북도,2024-06-25,1
경상북도,2024-06-26,2
경상북도,2024-06-28,2
경상북도,2024-07-01,1
경상북도,2024-07-03,2
경상북도,2024-07-04,1
경상북도,2024-07-05,3
경상북도,2024-07-06,2
경상북도,2024-07-07,1
경상북도,2024-07-08,1
경상북도,2024-07-11,1
경상북도,2024-07-12,6
경상북도,2024-07-13,2
경상북도,2024-07-17,3
경상북도,2024-07-18,2
경상북도,2024-07-20,2
경상북도,2024-07-21,3
경상북도,2024-07-22,10
경상북도,2024-07-23,2
경상북도,2024-07-24,5
경상북도,2024-07-25,3
경상북도,2024-07-26,3
경상북도,2024-07-27,3
경상북도,2024-07-28,3
경상북도,2024-07-29,3
경상북도,2024-07-30,6
경상북도,2024-07-31,12
경상북도,2024-08-01,6
경상북도,2024-08-02,19
경상북도,2024-08-03,14
경상북도,2024-08-04,6
경상북도,2024-08-05,12
경상북도,2024-08-06,2
경상북도,2024-08-07,9
경상북도,2024-08-08,3
경상북도,2024-08-09,6
경상북도,2024-08-10,2
경상북도,2024-08-11,4
경상북도,2024-08-12,6
경상북도,2024-08-13,7
경상북도,2024-08-14,2
경상북도,2024-08-15,1
경상북도,2024-08-16,4
경상북도,2024-08-17,1
경상북도,2024-08-18,3
경상북도,2024-08-19,6
경상북도,2024-08-20,5
경상북도,2024-08-22,7
경상북도,2024-08-23,2
경상북도,2024-08-24,4
경상북도,2024-08-25,2
경상북도,2024-08-26,2
경상북도,2024-08-27,1
경상북도,2024-08-30,1
경상북도,2024-08-31,5
경상북도,2024-09-03,1
경상북도,2024-09-05,3
경상북도,2024-09-08,1
경상북도,2024-09-09,2
경상북도,2024-09-10,4
경상북도,2024-09-12,1
경상북도,2024-09-13,3
경상북도,2024-09-17,2
경상북도,2024-09-18,1
경상북도,2024-09-19,3
경상북도,2024-09-21,1
경상북도,2025-05-20,1
경상북도,2025-05-21,2
경상북도,2025-05-27,1
경상북도,2025-06-03,1
경상북도,2025-06-05,1
경상북도,2025-06-06,2
경상북도,2025-06-08,1
경상북도,2025-06-09,1
경상북도,2025-06-10,1
경상북도,2025-06-12,2
경상북도,2025-06-14,1
경상북도,2025-06-15,3
경상북도,2025-06-18,2
경상북도,2025-06-19,6
경상북도,2025-06-20,1
경상북도,2025-06-23,1
경상북도,2025-06-24,1
경상북도,2025-06-26,2
경상북도,2025-06-27,4
경상북도,2025-06-28,5
경상북도,2025-06-29,9
경상북도,2025-06-30,9
경상북도,2025-07-01,12
경상북도,2025-07-02,18
경상북도,2025-07-03,16
경상북도,2025-07-04,5
경상북도,2025-07-05,6
경상북도,2025-07-06,7
경상북도,2025-07-07,13
경상북도,2025-07-08,15
경상북도,2025-07-09,5
경상북도,2025-07-10,2
경상북도,2025-07-11,1
경상북도,2025-07-12,4
경상북도,2025-07-14,1
경상북도,2025-07-21,11
경상북도,2025-07-22,28
경상북도,2025-07-23,18
경상북도,2025-07-24,16
경상북도,2025-07-25,5
경상북도,2025-07-26,10
경상북도,2025-07-27,11
경상북도,2025-07-28,4
경상북도,2025-07-29,13
경상북도,2025-07-30,6
경상북도,2025-07-31,5
경상북도,2025-08-01,7
경상북도,2025-08-02,6
경상북도,2025-08-03,4
경상북도,2025-08-04,1
경상북도,2025-08-05,6
경상북도,2025-08-06,1
경상북도,2025-08-07,3
경상북도,2025-08-08,3
경상북도,2025-08-09,1
경상북도,2025-08-10,1
경상북도,2025-08-13,1
경상북도,2025-08-14,10
경상북도,2025-08-15,9
경상북도,2025-08-16,3
경상북도,2025-08-17,6
경상북도,2025-08-18,3
경상북도,2025-08-19,8
경상북도,2025-08-20,7
경상북도,2025-08-21,4
경상북도,2025-08-22,7
경상북도,2025-08-23,6
경상북도,2025-08-24,10
경상북도,2025-08-25,2
경상북도,2025-08-26,4
경상북도,2025-08-28,1
경상북도,2025-08-29,2
경상북도,2025-08-30,4
경상북도,2025-08-31,7
경상북도,2025-09-02,2
경상북도,2025-09-03,1
경상북도,2025-09-04,1
경상북도,2025-09-05,2
경상북도,2025-09-06,6
경상북도,2025-09-14,1
경상북도,2025-09-15,1
경상북도,2025-09-16,5
경상북도,2025-09-17,1
광주광역시,2020-05-31,1
광주광역시,2020-06-06,1
광주광역시,2020-06-17,1
광주광역시,2020-06-21,1
광주광역시,2020-06-25,1
광주광역시,2020-06-28,1
광주광역시,2020-07-07,1
광주광역시,2020-07-13,1
광주광역시,2020-07-17,1
광주광역시,2020-07-30,1
광주광역시,2020-07-31,1
광주광역시,2020-08-01,3
광주광역시,2020-08-04,2
광주광역시,2020-08-10,1
광주광역시,2020-08-11,1
광주광역시,2020-08-12,2
광주광역시,2020-08-13,3
광주광역시,2020-08-14,3
광주광역시,2020-08-15,1
광주광역시,2020-08-17,1
광주광역시,2020-08-18,3
광주광역시,2020-08-20,4
광주광역시,2020-08-21,2
광주광역시,2020-08-31,1
광주광역시,2020-09-08,1
광주광역시,2021-06-05,1
광주광역시,2021-06-25,1
광주광역시,2021-07-13,4
광주광역시,2021-07-14,1
광주광역시,2021-07-15,2
광주광역시,2021-07-17,1
광주광역시,2021-07-18,1
광주광역시,2021-07-19,1
광주광역시,2021-07-21,2
광주광역시,2021-07-24,1
광주광역시,2021-07-26,1
광주광역시,2021-07-27,1
광주광역시,2021-07-28,1
광주광역시,2021-07-29,1
광주광역시,2021-07-30,1
광주광역시,2021-07-31,1
광주광역시,2021-08-03,1
광주광역시,2021-08-04,2
광주광역시,2021-08-05,4
광주광역시,2021-08-07,1
광주광역시,2021-08-08,1
광주광역시,2021-08-11,1
광주광역시,2021-08-20,1
광주광역시,2022-06-07,1
광주광역시,2022-06-27,1
광주광역시,2022-07-02,1
광주광역시,2022-07-04,1
광주광역시,2022-07-06,1
광주광역시,2022-07-10,1
광주광역시,2022-07-19,1
광주광역시,2022-07-27,1
광주광역시,2022-08-04,2
광주광역시,2022-08-05,1
광주광역시,2022-08-06,1
광주광역시,2022-08-07,3
광주광역시,2022-08-14,1
광주광역시,2022-08-21,1
광주광역시,2022-08-23,1
광주광역시,2022-09-17,2
광주광역시,2023-05-20,1
광주광역시,2023-06-09,1
광주광역시,2023-06-18,2
광주광역시,2023-07-02,5
광주광역시,2023-07-03,3
광주광역시,2023-07-19,1
광주광역시,2023-07-20,3
광주광역시,2023-07-21,2
광주광역시,2023-07-26,2
광주광역시,2023-07-28,1
광주광역시,2023-07-29,3
광주광역시,2023-07-30,1
광주광역시,2023-07-31,3
광주광역시,2023-08-01,2
광주광역시,2023-08-02,1
광주광역시,2023-08-03,2
광주광역시,2023-08-04,5
광주광역시,2023-08-05,3
광주광역시,2023-08-06,4
광주광역시,2023-08-07,4
광주광역시,2023-08-08,6
광주광역시,2023-08-09,1
광주광역시,2023-08-16,2
광주광역시,2023-08-17,3
광주광역시,2023-08-19,1
광주광역시,2023-08-21,1
광주광역시,2023-08-25,1
광주광역시,2024-05-21,1
광주광역시,2024-06-13,1
광주광역시,2024-06-15,2
광주광역시,2024-06-16,1
광주광역시,2024-06-19,2
광주광역시,2024-07-04,1
광주광역시,2024-07-05,1
광주광역시,2024-07-06,1
광주광역시,2024-07-07,1
광주광역시,2024-07-22,2
광주광역시,2024-07-23,1
광주광역시,2024-07-24,2
광주광역시,2024-07-25,2
광주광역시,2024-07-28,3
광주광역시,2024-07-29,3
광주광역시,2024-07-31,1
광주광역시,2024-08-01,4
광주광역시,2024-08-03,4
광주광역시,2024-08-04,3
광주광역시,2024-08-05,3
광주광역시,2024-08-06,5
광주광역시,2024-08-07,1
광주광역시,2024-08-10,3
광주광역시,2024-08-11,2
광주광역시,2024-08-12,2
광주광역시,2024-08-13,1
광주광역시,2024-08-21,1
광주광역시,2024-08-24,2
광주광역시,2024-08-25,1
광주광역시,2024-08-26,3
광주광역시,2024-08-29,2
광주광역시,2024-09-05,1
광주광역시,2024-09-10,3
광주광역시,2024-09-12,2
광주광역시,2024-09-13,1
광주광역시,2024-09-19,1
광주광역시,2025-06-18,1
광주광역시,2025-06-27,2
광주광역시,2025-06-28,4
광주광역시,2025-06-29,4
광주광역시,2025-06-30,1
광주광역시,2025-07-01,1
광주광역시,2025-07-02,1
광주광역시,2025-07-03,1
광주광역시,2025-07-04,1
광주광역시,2025-07-05,1
광주광역시,2025-07-07,2
광주광역시,2025-07-08,3
광주광역시,2025-07-10,1
광주광역시,2025-07-11,2
광주광역시,2025-07-12,2
광주광역시,2025-07-14,1
광주광역시,2025-07-22,2
광주광역시,2025-07-23,4
광주광역시,2025-07-24,4
광주광역시,2025-07-25,4
광주광역시,2025-07-26,1
광주광역시,2025-07-27,2
광주광역시,2025-07-28,1
광주광역시,2025-07-29,2
광주광역시,2025-07-30,1
광주광역시,2025-07-31,1
광주광역시,2025-08-05,1
광주광역시,2025-08-07,1
광주광역시,2025-08-10,1
광주광역시,2025-08-14,1
광주광역시,2025-08-15,3
광주광역시,2025-08-19,1
광주광역시,2025-08-21,2
광주광역시,2025-08-23,1
광주광역시,2025-08-24,1
광주광역시,2025-08-25,1
광주광역시,2025-08-27,1
광주광역시,2025-08-28,3
광주광역시,2025-08-29,1
광주광역시,2025-08-30,1
광주광역시,2025-09-04,1
광주광역시,2025-09-05,1
광주광역시,2025-09-14,1
대구광역시,2020-06-09,1
대구광역시,2020-06-23,1
대구광역시,2020-07-02,1
대구광역시,2020-07-07,1
대구광역시,2020-07-21,1
대구광역시,2020-08-01,1
대구광역시,2020-08-14,1
대구광역시,2020-08-15,3
대구광역시,2020-08-16,1
대구광역시,2020-08-17,1
대구광역시,2020-08-18,4
대구광역시,2020-08-19,2
대구광역시,2020-08-20,3
대구광역시,2020-08-25,1
대구광역시,2020-08-26,1
대구광역시,2020-08-28,1
대구광역시,2020-08-29,2
대구광역시,2021-06-08,1
대구광역시,2021-06-14,1
대구광역시,2021-06-21,1
대구광역시,2021-07-11,1
대구광역시,2021-07-12,3
대구광역시,2021-07-13,2
대구광역시,2021-07-18,1
대구광역시,2021-07-21,2
대구광역시,2021-07-22,3
대구광역시,2021-07-23,2
대구광역시,2021-07-24,3
대구광역시,2021-07-27,2
대구광역시,2021-07-30,1
대구광역시,2021-07-31,1
대구광역시,2021-08-01,1
대구광역시,2021-08-03,1
대구광역시,2021-08-05,2
대구광역시,2021-08-06,2
대구광역시,2021-08-08,1
대구광역시,2021-08-26,1
대구광역시,2022-05-22,1
대구광역시,2022-05-24,1
대구광역시,2022-06-03,1
대구광역시,2022-06-16,1
대구광역시,2022-06-19,1
대구광역시,2022-06-20,1
대구광역시,2022-06-21,1
대구광역시,2022-06-22,5
대구광역시,2022-06-29,1
대구광역시,2022-06-30,1
대구광역시,2022-07-06,1
대구광역시,2022-07-09,1
대구광역시,2022-07-10,1
대구광역시,2022-07-14,1
대구광역시,2022-07-20,1
대구광역시,2022-07-29,1
대구광역시,2022-08-03,3
대구광역시,2022-08-06,2
대구광역시,2022-08-07,1
대구광역시,2022-08-21,1
대구광역시,2022-09-07,1
대구광역시,2022-09-17,1
대구광역시,2023-06-17,1
대구광역시,2023-06-24,2
대구광역시,2023-06-27,2
대구광역시,2023-07-02,1
대구광역시,2023-07-03,3
대구광역시,2023-07-06,1
대구광역시,2023-07-12,1
대구광역시,2023-07-19,1
대구광역시,2023-07-25,2
대구광역시,2023-07-26,1
대구광역시,2023-07-28,2
대구광역시,2023-07-30,2
대구광역시,2023-08-01,3
대구광역시,2023-08-02,5
대구광역시,2023-08-03,3
대구광역시,2023-08-05,7
대구광역시,2023-08-06,2
대구광역시,2023-08-07,2
대구광역시,2023-08-08,4
대구광역시,2023-08-12,1
대구광역시,2023-08-14,1
대구광역시,2023-08-15,2
대구광역시,2023-08-16,1
대구광역시,2023-08-19,1
대구광역시,2023-08-20,1
대구광역시,2023-08-21,1
대구광역시,2023-08-22,1
대구광역시,2023-08-23,1
대구광역시,2023-09-01,1
대구광역시,2023-09-10,1
대구광역시,2023-09-12,1
대구광역시,2023-09-18,1
대구광역시,2024-06-12,1
대구광역시,2024-06-13,1
대구광역시,2024-06-14,2
대구광역시,2024-06-18,1
대구광역시,2024-06-26,1
대구광역시,2024-07-02,1
대구광역시,2024-07-03,1
대구광역시,2024-07-04,1
대구광역시,2024-07-08,1
대구광역시,2024-07-12,1
대구광역시,2024-07-21,1
대구광역시,2024-07-23,2
대구광역시,2024-07-24,1
대구광역시,2024-07-25,1
대구광역시,2024-07-26,1
대구광역시,2024-07-28,2
대구광역시,2024-07-30,1
대구광역시,2024-07-31,4
대구광역시,2024-08-01,5
대구광역시,2024-08-02,3
대구광역시,2024-08-03,1
대구광역시,2024-08-04,2
대구광역시,2024-08-05,5
대구광역시,2024-08-06,3
대구광역시,2024-08-08,1
대구광역시,2024-08-09,3
대구광역시,2024-08-12,1
대구광역시,2024-08-13,2
대구광역시,2024-08-14,2
대구광역시,2024-08-16,1
대구광역시,2024-08-17,1
대구광역시,2024-08-18,3
대구광역시,2024-08-21,1
대구광역시,2024-08-23,2
대구광역시,2024-08-25,1
대구광역시,2024-08-31,1
대구광역시,2024-09-01,1
대구광역시,2024-09-07,1
대구광역시,2024-09-10,1
대구광역시,2024-09-12,1
대구광역시,2024-09-19,1
대구광역시,2025-05-20,1
대구광역시,2025-05-21,3
대구광역시,2025-05-28,1
대구광역시,2025-06-03,1
대구광역시,2025-06-06,2
대구광역시,2025-06-10,1
대구광역시,2025-06-11,1
대구광역시,2025-06-12,1
대구광역시,2025-06-15,1
대구광역시,2025-06-17,1
대구광역시,2025-06-27,1
대구광역시,2025-06-28,4
대구광역시,2025-06-29,1
대구광역시,2025-06-30,3
대구광역시,2025-07-01,1
대구광역시,2025-07-02,6
대구광역시,2025-07-03,5
대구광역시,2025-07-04,2
대구광역시,2025-07-05,4
대구광역시,2025-07-06,3
대구광역시,2025-07-07,5
대구광역시,2025-07-08,5
대구광역시,2025-07-09,3
대구광역시,2025-07-10,1
대구광역시,2025-07-13,3
대구광역시,2025-07-21,2
대구광역시,2025-07-22,7
대구광역시,2025-07-23,2
대구광역시,2025-07-24,6
대구광역시,2025-07-25,3
대구광역시,2025-07-26,3
대구광역시,2025-07-27,3
대구광역시,2025-07-28,1
대구광역시,2025-07-29,3
대구광역시,2025-07-30,3
대구광역시,2025-07-31,1
대구광역시,2025-08-01,2
대구광역시,2025-08-02,7
대구광역시,2025-08-03,1
대구광역시,2025-08-04,1
대구광역시,2025-08-05,6
대구광역시,2025-08-06,2
대구광역시,2025-08-13,1
대구광역시,2025-08-14,1
대구광역시,2025-08-15,2
대구광역시,2025-08-16,2
대구광역시,2025-08-19,3
대구광역시,2025-08-20,4
대구광역시,2025-08-21,3
대구광역시,2025-08-23,1
대구광역시,2025-08-24,1
대구광역시,2025-08-25,5
대구광역시,2025-08-26,1
대구광역시,2025-08-28,1
대구광역시,2025-08-29,1
대구광역시,2025-09-01,1
대전광역시,2020-05-30,1
대전광역시,2020-06-09,1
대전광역시,2020-06-11,2
대전광역시,2020-06-15,1
대전광역시,2020-06-22,2
대전광역시,2020-07-17,1
대전광역시,2020-07-26,1
대전광역시,2020-08-04,1
대전광역시,2020-08-13,1
대전광역시,2020-08-15,1
대전광역시,2020-08-17,1
대전광역시,2020-08-20,1
대전광역시,2020-08-25,1
대전광역시,2020-08-27,1
대전광역시,2020-08-28,1
대전광역시,2020-08-29,1
대전광역시,2021-05-30,1
대전광역시,2021-06-09,2
대전광역시,2021-06-25,1
대전광역시,2021-07-01,2
대전광역시,2021-07-10,1
대전광역시,2021-07-12,1
대전광역시,2021-07-22,1
대전광역시,2021-07-23,1
대전광역시,2021-07-25,1
대전광역시,2021-07-26,1
대전광역시,2021-07-28,1
대전광역시,2021-07-29,4
대전광역시,2021-07-30,1
대전광역시,2021-07-31,1
대전광역시,2021-08-04,1
대전광역시,2021-08-05,2
대전광역시,2021-08-06,2
대전광역시,2021-08-09,1
대전광역시,2021-08-13,1
대전광역시,2021-08-20,1
대전광역시,2022-06-21,2
대전광역시,2022-06-22,1
대전광역시,2022-06-24,1
대전광역시,2022-07-01,2
대전광역시,2022-07-02,1
대전광역시,2022-07-03,1
대전광역시,2022-07-05,1
대전광역시,2022-07-06,1
대전광역시,2022-07-07,1
대전광역시,2022-07-10,1
대전광역시,2022-07-13,1
대전광역시,2022-07-27,1
대전광역시,2022-07-29,2
대전광역시,2022-08-01,1
대전광역시,2022-08-06,1
대전광역시,2022-08-20,1
대전광역시,2022-08-21,1
대전광역시,2022-08-22,1
대전광역시,2022-09-08,1
대전광역시,2022-09-18,2
대전광역시,2023-05-20,1
대전광역시,2023-06-02,1
대전광역시,2023-06-09,1
대전광역시,2023-06-17,2
대전광역시,2023-06-24,2
대전광역시,2023-07-03,2
대전광역시,2023-07-20,1
대전광역시,2023-07-21,2
대전광역시,2023-07-27,1
대전광역시,2023-07-28,2
대전광역시,2023-07-29,1
대전광역시,2023-07-31,1
대전광역시,2023-08-02,4
대전광역시,2023-08-03,2
대전광역시,2023-08-04,2
대전광역시,2023-08-05,2
대전광역시,2023-08-06,3
대전광역시,2023-08-07,3
대전광역시,2023-08-08,1
대전광역시,2023-08-13,1
대전광역시,2023-08-15,3
대전광역시,2023-08-16,1
대전광역시,2023-08-29,1
대전광역시,2023-09-17,1
대전광역시,2024-06-07,1
대전광역시,2024-06-13,1
대전광역시,2024-06-14,2
대전광역시,2024-06-16,1
대전광역시,2024-06-18,1
대전광역시,2024-06-19,2
대전광역시,2024-06-20,1
대전광역시,2024-06-29,1
대전광역시,2024-07-01,1
대전광역시,2024-07-11,1
대전광역시,2024-07-13,1
대전광역시,2024-07-22,1
대전광역시,2024-07-24,2
대전광역시,2024-07-25,1
대전광역시,2024-07-27,7
대전광역시,2024-07-29,1
대전광역시,2024-07-31,1
대전광역시,2024-08-01,2
대전광역시,2024-08-02,1
대전광역시,2024-08-03,5
대전광역시,2024-08-04,1
대전광역시,2024-08-05,2
대전광역시,2024-08-06,2
대전광역시,2024-08-07,3
대전광역시,2024-08-09,3
대전광역시,2024-08-10,3
대전광역시,2024-08-12,2
대전광역시,2024-08-13,1
대전광역시,2024-08-14,1
대전광역시,2024-08-15,4
대전광역시,2024-08-18,1
대전광역시,2024-08-19,1
대전광역시,2024-08-20,1
대전광역시,2024-08-21,1
대전광역시,2024-08-24,1
대전광역시,2024-08-26,1
대전광역시,2024-08-30,1
대전광역시,2024-09-07,1
대전광역시,2024-09-08,1
대전광역시,2024-09-09,1
대전광역시,2024-09-10,1
대전광역시,2024-09-11,1
대전광역시,2024-09-13,1
대전광역시,2025-05-23,1
대전광역시,2025-06-07,1
대전광역시,2025-06-08,1
대전광역시,2025-06-28,2
대전광역시,2025-06-30,2
대전광역시,2025-07-02,1
대전광역시,2025-07-03,2
대전광역시,2025-07-05,1
대전광역시,2025-07-06,1
대전광역시,2025-07-07,2
대전광역시,2025-07-08,1
대전광역시,2025-07-09,3
대전광역시,2025-07-10,2
대전광역시,2025-07-11,1
대전광역시,2025-07-19,1
대전광역시,2025-07-21,1
대전광역시,2025-07-22,3
대전광역시,2025-07-24,1
대전광역시,2025-07-25,3
대전광역시,2025-07-26,1
대전광역시,2025-07-28,1
대전광역시,2025-07-29,1
대전광역시,2025-07-31,2
대전광역시,2025-08-01,2
대전광역시,2025-08-05,4
대전광역시,2025-08-10,1
대전광역시,2025-08-13,1
대전광역시,2025-08-14,1
대전광역시,2025-08-16,1
대전광역시,2025-08-17,1
대전광역시,2025-08-21,1
대전광역시,2025-08-23,1
대전광역시,2025-08-24,1
대전광역시,2025-09-05,2
대전광역시,2025-09-06,1
부산광역시,2020-06-05,2
부산광역시,2020-06-07,1
부산광역시,2020-06-20,2
부산광역시,2020-07-08,1
부산광역시,2020-07-16,1
부산광역시,2020-07-21,2
부산광역시,2020-07-31,2
부산광역시,2020-08-01,2
부산광역시,2020-08-03,1
부산광역시,2020-08-05,1
부산광역시,2020-08-08,1
부산광역시,2020-08-11,1
부산광역시,2020-08-13,5
부산광역시,2020-08-14,2
부산광역시,2020-08-15,5
부산광역시,2020-08-17,1
부산광역시,2020-08-18,6
부산광역시,2020-08-19,4
부산광역시,2020-08-21,3
부산광역시,2020-08-25,3
부산광역시,2020-08-28,1
부산광역시,2020-08-29,1
부산광역시,2020-08-30,3
부산광역시,2020-09-01,1
부산광역시,2021-05-21,1
부산광역시,2021-06-19,1
부산광역시,2021-07-11,2
부산광역시,2021-07-12,2
부산광역시,2021-07-14,1
부산광역시,2021-07-15,2
부산광역시,2021-07-16,1
부산광역시,2021-07-20,4
부산광역시,2021-07-23,1
부산광역시,2021-07-24,1
부산광역시,2021-07-26,1
부산광역시,2021-07-28,1
부산광역시,2021-07-29,1
부산광역시,2021-07-30,1
부산광역시,2021-07-31,2
부산광역시,2021-08-01,4
부산광역시,2021-08-02,3
부산광역시,2021-08-03,2
부산광역시,2021-08-04,3
부산광역시,2021-08-05,1
부산광역시,2021-08-06,1
부산광역시,2021-08-07,4
부산광역시,2021-08-09,1
부산광역시,2021-08-10,2
부산광역시,2021-08-26,1
부산광역시,2021-08-27,1
부산광역시,2022-05-21,1
부산광역시,2022-05-24,1
부산광역시,2022-05-29,1
부산광역시,2022-06-18,1
부산광역시,2022-06-22,1
부산광역시,2022-06-30,1
부산광역시,2022-07-01,11
부산광역시,2022-07-03,3
부산광역시,2022-07-04,1
부산광역시,2022-07-05,1
부산광역시,2022-07-06,1
부산광역시,2022-07-08,2
부산광역시,2022-07-15,5
부산광역시,2022-07-17,1
부산광역시,2022-07-26,1
부산광역시,2022-07-29,1
부산광역시,2022-08-04,6
부산광역시,2022-08-05,3
부산광역시,2022-08-07,2
부산광역시,2022-08-08,1
부산광역시,2022-08-11,1
부산광역시,2022-08-13,1
부산광역시,2022-08-14,2
부산광역시,2022-08-15,2
부산광역시,2022-08-22,2
부산광역시,2023-05-23,1
부산광역시,2023-06-04,1
부산광역시,2023-06-10,1
부산광역시,2023-06-14,1
부산광역시,2023-06-17,1
부산광역시,2023-06-19,1
부산광역시,2023-06-20,1
부산광역시,2023-07-01,1
부산광역시,2023-07-02,1
부산광역시,2023-07-05,1
부산광역시,2023-07-15,1
부산광역시,2023-07-17,1
부산광역시,2023-07-20,1
부산광역시,2023-07-26,7
부산광역시,2023-07-27,1
부산광역시,2023-07-28,3
부산광역시,2023-07-29,4
부산광역시,2023-07-30,4
부산광역시,2023-07-31,2
부산광역시,2023-08-01,1
부산광역시,2023-08-02,1
부산광역시,2023-08-03,12
부산광역시,2023-08-04,6
부산광역시,2023-08-05,5
부산광역시,2023-08-06,7
부산광역시,2023-08-07,5
부산광역시,2023-08-08,3
부산광역시,2023-08-11,1
부산광역시,2023-08-13,1
부산광역시,2023-08-14,1
부산광역시,2023-08-16,1
부산광역시,2023-08-20,3
부산광역시,2023-08-21,3
부산광역시,2023-08-22,4
부산광역시,2023-08-23,3
부산광역시,2023-09-01,1
부산광역시,2023-09-04,1
부산광역시,2023-09-13,1
부산광역시,2024-05-24,1
부산광역시,2024-06-10,1
부산광역시,2024-06-16,1
부산광역시,2024-07-04,2
부산광역시,2024-07-05,3
부산광역시,2024-07-08,1
부산광역시,2024-07-13,1
부산광역시,2024-07-17,1
부산광역시,2024-07-21,1
부산광역시,2024-07-22,4
부산광역시,2024-07-23,2
부산광역시,2024-07-24,1
부산광역시,2024-07-25,4
부산광역시,2024-07-26,2
부산광역시,2024-07-27,2
부산광역시,2024-07-28,2
부산광역시,2024-07-29,2
부산광역시,2024-07-30,6
부산광역시,2024-07-31,2
부산광역시,2024-08-01,3
부산광역시,2024-08-02,5
부산광역시,2024-08-03,5
부산광역시,2024-08-04,4
부산광역시,2024-08-05,7
부산광역시,2024-08-06,3
부산광역시,2024-08-07,4
부산광역시,2024-08-08,9
부산광역시,2024-08-09,5
부산광역시,2024-08-10,2
부산광역시,2024-08-11,2
부산광역시,2024-08-12,1
부산광역시,2024-08-13,2
부산광역시,2024-08-14,3
부산광역시,2024-08-15,1
부산광역시,2024-08-16,1
부산광역시,2024-08-17,1
부산광역시,2024-08-18,1
부산광역시,2024-08-19,2
부산광역시,2024-08-20,2
부산광역시,2024-08-21,2
부산광역시,2024-08-22,1
부산광역시,2024-08-23,2
부산광역시,2024-08-24,4
부산광역시,2024-08-29,1
부산광역시,2024-08-30,1
부산광역시,2024-08-31,2
부산광역시,2024-09-07,1
부산광역시,2024-09-08,1
부산광역시,2024-09-09,1
부산광역시,2024-09-10,1
부산광역시,2024-09-12,2
부산광역시,2024-09-14,1
부산광역시,2024-09-15,1
부산광역시,2024-09-18,2
부산광역시,2024-09-19,3
부산광역시,2024-09-26,1
부산광역시,2025-06-09,1
부산광역시,2025-06-11,1
부산광역시,2025-06-18,2
부산광역시,2025-06-23,2
부산광역시,2025-06-28,4
부산광역시,2025-06-29,3
부산광역시,2025-06-30,2
부산광역시,2025-07-01,7
부산광역시,2025-07-02,9
부산광역시,2025-07-03,6
부산광역시,2025-07-04,1
부산광역시,2025-07-05,3
부산광역시,2025-07-06,4
부산광역시,2025-07-07,3
부산광역시,2025-07-08,7
부산광역시,2025-07-09,4
부산광역시,2025-07-21,3
부산광역시,2025-07-22,3
부산광역시,2025-07-23,7
부산광역시,2025-07-24,3
부산광역시,2025-07-25,2
부산광역시,2025-07-26,5
부산광역시,2025-07-27,4
부산광역시,2025-07-28,5
부산광역시,2025-07-29,4
부산광역시,2025-07-30,4
부산광역시,2025-07-31,2
부산광역시,2025-08-01,4
부산광역시,2025-08-02,6
부산광역시,2025-08-03,3
부산광역시,2025-08-05,4
부산광역시,2025-08-06,2
부산광역시,2025-08-07,2
부산광역시,2025-08-08,1
부산광역시,2025-08-09,1
부산광역시,2025-08-13,1
부산광역시,2025-08-14,4
부산광역시,2025-08-15,5
부산광역시,2025-08-16,3
부산광역시,2025-08-17,4
부산광역시,2025-08-19,3
부산광역시,2025-08-22,5
부산광역시,2025-08-23,2
부산광역시,2025-08-24,1
부산광역시,2025-08-25,2
부산광역시,2025-08-26,4
부산광역시,2025-08-28,2
부산광역시,2025-08-29,2
부산광역시,2025-08-30,3
부산광역시,2025-09-04,1
부산광역시,2025-09-06,1
부산광역시,2025-09-07,1
부산광역시,2025-09-16,1
부산광역시,2025-09-17,2
서울특별시,2020-06-03,1
서울특별시,2020-06-04,1
서울특별시,2020-06-07,1
서울특별시,2020-06-08,1
서울특별시,2020-06-09,1
서울특별시,2020-06-10,1
서울특별시,2020-06-11,1
서울특별시,2020-06-12,1
서울특별시,2020-06-13,1
서울특별시,2020-06-16,1
서울특별시,2020-06-21,1
서울특별시,2020-06-22,2
서울특별시,2020-06-23,1
서울특별시,2020-07-08,1
서울특별시,2020-07-17,1
서울특별시,2020-07-28,1
서울특별시,2020-08-10,1
서울특별시,2020-08-12,1
서울특별시,2020-08-16,1
서울특별시,2020-08-17,2
서울특별시,2020-08-18,2
서울특별시,2020-08-19,3
서울특별시,2020-08-20,1
서울특별시,2020-08-21,1
서울특별시,2020-08-25,5
서울특별시,2020-08-26,4
서울특별시,2021-06-05,1
서울특별시,2021-06-09,1
서울특별시,2021-06-12,2
서울특별시,2021-06-13,1
서울특별시,2021-06-25,1
서울특별시,2021-07-07,2
서울특별시,2021-07-08,1
서울특별시,2021-07-12,1
서울특별시,2021-07-14,4
서울특별시,2021-07-15,5
서울특별시,2021-07-16,1
서울특별시,2021-07-17,2
서울특별시,2021-07-18,2
서울특별시,2021-07-19,1
서울특별시,2021-07-20,4
서울특별시,2021-07-21,5
서울특별시,2021-07-22,9
서울특별시,2021-07-23,4
서울특별시,2021-07-24,7
서울특별시,2021-07-25,10
서울특별시,2021-07-26,6
서울특별시,2021-07-27,13
서울특별시,2021-07-28,12
서울특별시,2021-07-29,4
서울특별시,2021-07-30,1
서울특별시,2021-07-31,4
서울특별시,2021-08-01,1
서울특별시,2021-08-04,5
서울특별시,2021-08-05,3
서울특별시,2021-08-06,1
서울특별시,2021-08-07,2
서울특별시,2021-08-09,1
서울특별시,2021-08-11,1
서울특별시,2021-08-12,1
서울특별시,2021-08-18,1
서울특별시,2021-09-23,1
서울특별시,2022-05-22,1
서울특별시,2022-06-05,1
서울특별시,2022-06-11,2
서울특별시,2022-06-12,3
서울특별시,2022-06-21,1
서울특별시,2022-06-22,1
서울특별시,2022-06-23,1
서울특별시,2022-06-25,1
서울특별시,2022-06-26,1
서울특별시,2022-06-28,2
서울특별시,2022-07-01,2
서울특별시,2022-07-02,9
서울특별시,2022-07-03,7
서울특별시,2022-07-04,3
서울특별시,2022-07-05,7
서울특별시,2022-07-06,3
서울특별시,2022-07-07,6
서울특별시,2022-07-08,1
서울특별시,2022-07-09,2
서울특별시,2022-07-10,4
서울특별시,2022-07-11,1
서울특별시,2022-07-12,1
서울특별시,2022-07-13,1
서울특별시,2022-07-16,1
서울특별시,2022-07-18,1
서울특별시,2022-07-19,1
서울특별시,2022-07-25,2
서울특별시,2022-07-26,1
서울특별시,2022-07-27,1
서울특별시,2022-07-28,6
서울특별시,2022-07-29,4
서울특별시,2022-07-30,4
서울특별시,2022-08-01,3
서울특별시,2022-08-04,3
서울특별시,2022-08-05,6
서울특별시,2022-08-06,2
서울특별시,2022-08-07,2
서울특별시,2022-08-12,3
서울특별시,2022-08-14,1
서울특별시,2022-08-18,1
서울특별시,2022-08-20,1
서울특별시,2022-08-21,1
서울특별시,2022-09-02,1
서울특별시,2022-09-16,1
서울특별시,2022-09-17,3
서울특별시,2023-05-20,5
서울특별시,2023-05-24,1
서울특별시,2023-06-04,1
서울특별시,2023-06-09,1
서울특별시,2023-06-10,3
서울특별시,2023-06-11,2
서울특별시,2023-06-16,1
서울특별시,2023-06-17,3
서울특별시,2023-06-18,1
서울특별시,2023-06-19,3
서울특별시,2023-06-23,1
서울특별시,2023-06-24,1
서울특별시,2023-06-25,1
서울특별시,2023-06-28,1
서울특별시,2023-07-01,4
서울특별시,2023-07-02,3
서울특별시,2023-07-03,10
서울특별시,2023-07-04,1
서울특별시,2023-07-06,5
서울특별시,2023-07-07,3
서울특별시,2023-07-08,2
서울특별시,2023-07-12,1
서울특별시,2023-07-14,1
서울특별시,2023-07-17,1
서울특별시,2023-07-19,5
서울특별시,2023-07-20,10
서울특별시,2023-07-21,6
서울특별시,2023-07-22,2
서울특별시,2023-07-25,1
서울특별시,2023-07-26,1
서울특별시,2023-07-27,3
서울특별시,2023-07-28,5
서울특별시,2023-07-29,6
서울특별시,2023-07-30,2
서울특별시,2023-07-31,5
서울특별시,2023-08-01,2
서울특별시,2023-08-02,7
서울특별시,2023-08-03,10
서울특별시,2023-08-04,7
서울특별시,2023-08-05,12
서울특별시,2023-08-06,6
서울특별시,2023-08-07,9
서울특별시,2023-08-08,8
서울특별시,2023-08-09,3
서울특별시,2023-08-10,1
서울특별시,2023-08-11,1
서울특별시,2023-08-13,1
서울특별시,2023-08-14,6
서울특별시,2023-08-15,3
서울특별시,2023-08-16,1
서울특별시,2023-08-17,3
서울특별시,2023-08-18,3
서울특별시,2023-08-20,2
서울특별시,2023-08-21,4
서울특별시,2023-09-02,1
서울특별시,2023-09-06,1
서울특별시,2023-09-07,1
서울특별시,2023-09-09,2
서울특별시,2023-09-10,1
서울특별시,2023-09-16,1
서울특별시,2023-09-17,1
서울특별시,2023-09-24,2
서울특별시,2024-05-25,1
서울특별시,2024-06-04,1
서울특별시,2024-06-06,1
서울특별시,2024-06-10,1
서울특별시,2024-06-11,1
서울특별시,2024-06-12,2
서울특별시,2024-06-13,3
서울특별시,2024-06-18,1
서울특별시,2024-06-19,3
서울특별시,2024-06-21,4
서울특별시,2024-06-23,3
서울특별시,2024-06-24,3
서울특별시,2024-06-26,1
서울특별시,2024-06-28,1
서울특별시,2024-06-29,1
서울특별시,2024-07-11,2
서울특별시,2024-07-12,1
서울특별시,2024-07-15,2
서울특별시,2024-07-23,1
서울특별시,2024-07-25,9
서울특별시,2024-07-26,4
서울특별시,2024-07-27,2
서울특별시,2024-07-28,2
서울특별시,2024-07-29,2
서울특별시,2024-07-30,3
서울특별시,2024-07-31,2
서울특별시,2024-08-01,4
서울특별시,2024-08-02,5
서울특별시,2024-08-03,7
서울특별시,2024-08-04,13
서울특별시,2024-08-05,12
서울특별시,2024-08-06,3
서울특별시,2024-08-07,2
서울특별시,2024-08-08,3
서울특별시,2024-08-09,9
서울특별시,2024-08-10,6
서울특별시,2024-08-11,3
서울특별시,2024-08-12,14
서울특별시,2024-08-13,11
서울특별시,2024-08-14,10
서울특별시,2024-08-15,7
서울특별시,2024-08-16,1
서울특별시,2024-08-17,4
서울특별시,2024-08-18,8
서울특별시,2024-08-19,5
서울특별시,2024-08-20,11
서울특별시,2024-08-21,2
서울특별시,2024-08-22,3
서울특별시,2024-08-23,3
서울특별시,2024-08-24,1
서울특별시,2024-08-25,4
서울특별시,2024-08-26,3
서울특별시,2024-08-27,1
서울특별시,2024-08-28,1
서울특별시,2024-08-30,1
서울특별시,2024-08-31,3
서울특별시,2024-09-01,3
서울특별시,2024-09-09,4
서울특별시,2024-09-10,3
서울특별시,2024-09-13,1
서울특별시,2024-09-17,1
서울특별시,2024-09-18,2
서울특별시,2024-09-19,3
서울특별시,2024-09-27,1
서울특별시,2025-05-17,13
서울특별시,2025-05-18,1
서울특별시,2025-05-21,2
서울특별시,2025-05-22,1
서울특별시,2025-05-25,1
서울특별시,2025-05-31,1
서울특별시,2025-06-02,1
서울특별시,2025-06-07,1
서울특별시,2025-06-08,4
서울특별시,2025-06-09,1
서울특별시,2025-06-12,1
서울특별시,2025-06-13,1
서울특별시,2025-06-14,5
서울특별시,2025-06-15,15
서울특별시,2025-06-19,2
서울특별시,2025-06-21,1
서울특별시,2025-06-23,3
서울특별시,2025-06-24,1
서울특별시,2025-06-25,2
서울특별시,2025-06-27,1
서울특별시,2025-06-29,1
서울특별시,2025-06-30,2
서울특별시,2025-07-01,4
서울특별시,2025-07-02,6
서울특별시,2025-07-03,3
서울특별시,2025-07-05,3
서울특별시,2025-07-06,4
서울특별시,2025-07-07,6
서울특별시,2025-07-08,23
서울특별시,2025-07-09,19
서울특별시,2025-07-10,16
서울특별시,2025-07-11,8
서울특별시,2025-07-12,3
서울특별시,2025-07-13,2
서울특별시,2025-07-14,1
서울특별시,2025-07-20,3
서울특별시,2025-07-21,3
서울특별시,2025-07-22,5
서울특별시,2025-07-23,6
서울특별시,2025-07-24,1
서울특별시,2025-07-25,12
서울특별시,2025-07-26,14
서울특별시,2025-07-27,9
서울특별시,2025-07-28,26
서울특별시,2025-07-29,25
서울특별시,2025-07-30,16
서울특별시,2025-07-31,8
서울특별시,2025-08-01,9
서울특별시,2025-08-02,4
서울특별시,2025-08-03,4
서울특별시,2025-08-04,1
서울특별시,2025-08-05,2
서울특별시,2025-08-06,1
서울특별시,2025-08-08,2
서울특별시,2025-08-09,1
서울특별시,2025-08-10,1
서울특별시,2025-08-12,1
서울특별시,2025-08-14,1
서울특별시,2025-08-16,1
서울특별시,2025-08-19,3
서울특별시,2025-08-20,3
서울특별시,2025-08-21,6
서울특별시,2025-08-22,3
서울특별시,2025-08-23,2
서울특별시,2025-08-24,3
서울특별시,2025-08-25,2
서울특별시,2025-08-26,1
서울특별시,2025-08-28,1
서울특별시,2025-08-29,4
서울특별시,2025-08-30,4
서울특별시,2025-08-31,2
서울특별시,2025-09-02,2
서울특별시,2025-09-05,3
서울특별시,2025-09-07,10
서울특별시,2025-09-14,5
서울특별시,2025-09-16,1
서울특별시,2025-09-21,8
세종특별자치시,2020-06-20,1
세종특별자치시,2020-08-24,1
세종특별자치시,2021-06-09,2
세종특별자치시,2021-06-24,1
세종특별자치시,2021-07-13,1
세종특별자치시,2021-07-21,1
세종특별자치시,2021-07-22,1
세종특별자치시,2021-07-23,1
세종특별자치시,2021-07-24,1
세종특별자치시,2021-07-26,1
세종특별자치시,2021-07-30,2
세종특별자치시,2021-08-01,1
세종특별자치시,2021-08-05,1
세종특별자치시,2021-08-11,1
세종특별자치시,2022-06-21,1
세종특별자치시,2022-06-22,1
세종특별자치시,2022-07-02,6
세종특별자치시,2022-07-03,2
세종특별자치시,2022-07-04,1
세종특별자치시,2022-07-07,1
세종특별자치시,2022-07-08,2
세종특별자치시,2022-07-09,1
세종특별자치시,2022-07-25,1
세종특별자치시,2022-07-28,2
세종특별자치시,2022-07-29,1
세종특별자치시,2022-07-31,1
세종특별자치시,2022-08-04,2
세종특별자치시,2022-08-06,1
세종특별자치시,2022-08-07,2
세종특별자치시,2022-09-30,1
세종특별자치시,2023-06-24,1
세종특별자치시,2023-07-01,2
세종특별자치시,2023-07-02,1
세종특별자치시,2023-07-04,1
세종특별자치시,2023-07-10,2
세종특별자치시,2023-07-19,1
세종특별자치시,2023-07-21,1
세종특별자치시,2023-07-29,1
세종특별자치시,2023-07-30,1
세종특별자치시,2023-07-31,1
세종특별자치시,2023-08-02,2
세종특별자치시,2023-08-04,1
세종특별자치시,2023-08-05,1
세종특별자치시,2023-08-07,1
세종특별자치시,2023-08-08,3
세종특별자치시,2023-08-14,2
세종특별자치시,2023-08-15,1
세종특별자치시,2023-08-16,2
세종특별자치시,2023-08-20,1
세종특별자치시,2023-08-26,1
세종특별자치시,2024-06-11,1
세종특별자치시,2024-06-19,1
세종특별자치시,2024-06-23,1
세종특별자치시,2024-06-30,1
세종특별자치시,2024-07-07,1
세종특별자치시,2024-07-19,1
세종특별자치시,2024-07-25,1
세종특별자치시,2024-07-27,1
세종특별자치시,2024-07-29,1
세종특별자치시,2024-07-30,1
세종특별자치시,2024-08-01,1
세종특별자치시,2024-08-04,1
세종특별자치시,2024-08-05,1
세종특별자치시,2024-08-07,2
세종특별자치시,2024-08-08,1
세종특별자치시,2024-08-09,1
세종특별자치시,2024-08-10,2
세종특별자치시,2024-08-11,1
세종특별자치시,2024-08-12,2
세종특별자치시,2024-08-13,2
세종특별자치시,2024-08-16,1
세종특별자치시,2024-08-20,1
세종특별자치시,2024-08-24,1
세종특별자치시,2024-09-08,1
세종특별자치시,2024-09-10,1
세종특별자치시,2025-06-19,1
세종특별자치시,2025-06-27,1
세종특별자치시,2025-07-01,1
세종특별자치시,2025-07-02,1
세종특별자치시,2025-07-07,3
세종특별자치시,2025-07-10,2
세종특별자치시,2025-07-11,1
세종특별자치시,2025-07-14,1
세종특별자치시,2025-07-19,1
세종특별자치시,2025-07-22,3
세종특별자치시,2025-07-24,1
세종특별자치시,2025-07-26,2
세종특별자치시,2025-07-27,2
세종특별자치시,2025-07-28,2
세종특별자치시,2025-07-29,1
세종특별자치시,2025-07-30,1
세종특별자치시,2025-07-31,1
세종특별자치시,2025-08-02,2
세종특별자치시,2025-08-17,1
세종특별자치시,2025-08-19,2
세종특별자치시,2025-08-25,1
세종특별자치시,2025-08-26,1
세종특별자치시,2025-09-06,1
울산광역시,2020-06-08,1
울산광역시,2020-06-11,1
울산광역시,2020-06-22,1
울산광역시,2020-07-08,1
울산광역시,2020-07-20,1
울산광역시,2020-07-21,1
울산광역시,2020-08-02,1
울산광역시,2020-08-03,1
울산광역시,2020-08-04,1
울산광역시,2020-08-05,1
울산광역시,2020-08-07,1
울산광역시,2020-08-09,1
울산광역시,2020-08-10,1
울산광역시,2020-08-13,1
울산광역시,2020-08-14,1
울산광역시,2020-08-16,2
울산광역시,2020-08-18,1
울산광역시,2020-08-21,1
울산광역시,2020-08-24,1
울산광역시,2020-08-25,3
울산광역시,2020-08-30,1
울산광역시,2020-09-10,2
울산광역시,2021-07-12,2
울산광역시,2021-07-13,5
울산광역시,2021-07-14,3
울산광역시,2021-07-17,1
울산광역시,2021-07-23,1
울산광역시,2021-07-24,1
울산광역시,2021-07-25,1
울산광역시,2021-07-26,1
울산광역시,2021-07-28,1
울산광역시,2021-07-30,2
울산광역시,2021-08-01,2
울산광역시,2021-08-02,1
울산광역시,2021-08-05,2
울산광역시,2021-08-06,5
울산광역시,2021-08-07,1
울산광역시,2021-08-12,1
울산광역시,2021-08-26,1
울산광역시,2021-08-27,1
울산광역시,2022-05-24,1
울산광역시,2022-06-25,1
울산광역시,2022-07-01,2
울산광역시,2022-07-02,1
울산광역시,2022-07-09,1
울산광역시,2022-07-14,2
울산광역시,2022-07-19,1
울산광역시,2022-07-20,1
울산광역시,2022-07-22,1
울산광역시,2022-07-26,2
울산광역시,2022-07-29,2
울산광역시,2022-08-03,1
울산광역시,2022-08-04,1
울산광역시,2022-08-05,2
울산광역시,2022-08-06,1
울산광역시,2022-08-07,3
울산광역시,2022-08-09,1
울산광역시,2022-08-13,1
울산광역시,2022-08-20,1
울산광역시,2023-06-08,1
울산광역시,2023-06-17,1
울산광역시,2023-06-18,1
울산광역시,2023-06-24,1
울산광역시,2023-06-27,1
울산광역시,2023-07-04,1
울산광역시,2023-07-05,3
울산광역시,2023-07-06,1
울산광역시,2023-07-10,1
울산광역시,2023-07-11,2
울산광역시,2023-07-12,1
울산광역시,2023-07-17,2
울산광역시,2023-07-18,1
울산광역시,2023-07-23,1
울산광역시,2023-07-24,1
울산광역시,2023-07-26,3
울산광역시,2023-07-27,2
울산광역시,2023-07-28,1
울산광역시,2023-07-29,2
울산광역시,2023-07-31,2
울산광역시,2023-08-01,3
울산광역시,2023-08-02,5
울산광역시,2023-08-03,3
울산광역시,2023-08-04,2
울산광역시,2023-08-05,2
울산광역시,2023-08-06,1
울산광역시,2023-08-07,2
울산광역시,2023-08-08,1
울산광역시,2023-08-09,1
울산광역시,2023-08-11,1
울산광역시,2023-08-12,1
울산광역시,2023-08-13,1
울산광역시,2023-08-14,1
울산광역시,2023-08-15,1
울산광역시,2023-08-16,1
울산광역시,2023-08-18,1
울산광역시,2023-08-21,2
울산광역시,2023-08-22,5
울산광역시,2023-08-27,1
울산광역시,2023-08-30,1
울산광역시,2023-08-31,1
울산광역시,2023-09-11,1
울산광역시,2023-09-19,1
울산광역시,2024-05-26,1
울산광역시,2024-06-12,1
울산광역시,2024-06-13,2
울산광역시,2024-06-14,1
울산광역시,2024-06-15,1
울산광역시,2024-06-19,1
울산광역시,2024-06-24,1
울산광역시,2024-07-03,1
울산광역시,2024-07-04,4
울산광역시,2024-07-11,1
울산광역시,2024-07-12,1
울산광역시,2024-07-23,5
울산광역시,2024-07-24,3
울산광역시,2024-07-25,4
울산광역시,2024-07-27,3
울산광역시,2024-07-29,2
울산광역시,2024-07-30,1
울산광역시,2024-07-31,6
울산광역시,2024-08-01,4
울산광역시,2024-08-02,2
울산광역시,2024-08-03,5
울산광역시,2024-08-05,3
울산광역시,2024-08-06,2
울산광역시,2024-08-07,5
울산광역시,2024-08-08,6
울산광역시,2024-08-09,2
울산광역시,2024-08-10,2
울산광역시,2024-08-11,1
울산광역시,2024-08-13,2
울산광역시,2024-08-14,2
울산광역시,2024-08-16,1
울산광역시,2024-08-18,1
울산광역시,2024-08-19,2
울산광역시,2024-08-20,1
울산광역시,2024-08-21,2
울산광역시,2024-08-22,4
울산광역시,2024-08-23,3
울산광역시,2024-08-24,2
울산광역시,2024-08-30,1
울산광역시,2024-08-31,2
울산광역시,2024-09-05,2
울산광역시,2024-09-09,2
울산광역시,2024-09-12,1
울산광역시,2024-09-13,2
울산광역시,2024-09-14,2
울산광역시,2024-09-19,1
울산광역시,2024-09-20,5
울산광역시,2025-05-31,1
울산광역시,2025-06-07,1
울산광역시,2025-06-10,2
울산광역시,2025-06-17,1
울산광역시,2025-06-18,4
울산광역시,2025-06-20,1
울산광역시,2025-06-26,2
울산광역시,2025-06-28,4
울산광역시,2025-06-29,4
울산광역시,2025-06-30,4
울산광역시,2025-07-01,8
울산광역시,2025-07-02,6
울산광역시,2025-07-03,5
울산광역시,2025-07-04,4
울산광역시,2025-07-05,3
울산광역시,2025-07-06,4
울산광역시,2025-07-07,2
울산광역시,2025-07-08,3
울산광역시,2025-07-10,3
울산광역시,2025-07-20,3
울산광역시,2025-07-21,4
울산광역시,2025-07-22,12
울산광역시,2025-07-23,8
울산광역시,2025-07-24,6
울산광역시,2025-07-25,5
울산광역시,2025-07-26,1
울산광역시,2025-07-28,4
울산광역시,2025-07-29,4
울산광역시,2025-07-30,2
울산광역시,2025-07-31,1
울산광역시,2025-08-02,3
울산광역시,2025-08-04,2
울산광역시,2025-08-05,1
울산광역시,2025-08-06,1
울산광역시,2025-08-07,4
울산광역시,2025-08-08,1
울산광역시,2025-08-13,3
울산광역시,2025-08-14,8
울산광역시,2025-08-15,3
울산광역시,2025-08-16,2
울산광역시,2025-08-18,3
울산광역시,2025-08-19,9
울산광역시,2025-08-21,3
울산광역시,2025-08-22,4
울산광역시,2025-08-23,6
울산광역시,2025-08-24,1
울산광역시,2025-08-27,2
울산광역시,2025-08-28,1
울산광역시,2025-08-30,4
울산광역시,2025-09-01,1
울산광역시,2025-09-04,1
울산광역시,2025-09-05,2
울산광역시,2025-09-06,3
울산광역시,2025-09-07,1
울산광역시,2025-09-16,5
울산광역시,2025-09-17,2
인천광역시,2020-06-09,4
인천광역시,2020-06-22,1
인천광역시,2020-06-27,1
인천광역시,2020-08-05,1
인천광역시,2020-08-10,1
인천광역시,2020-08-12,1
인천광역시,2020-08-13,1
인천광역시,2020-08-16,1
인천광역시,2020-08-17,1
인천광역시,2020-08-18,1
인천광역시,2020-08-19,1
인천광역시,2020-08-23,1
인천광역시,2020-08-25,6
인천광역시,2020-08-26,4
인천광역시,2020-08-27,1
인천광역시,2020-09-02,1
인천광역시,2021-06-09,1
인천광역시,2021-06-21,1
인천광역시,2021-06-26,1
인천광역시,2021-07-01,1
인천광역시,2021-07-02,6
인천광역시,2021-07-05,1
인천광역시,2021-07-07,1
인천광역시,2021-07-08,1
인천광역시,2021-07-09,2
인천광역시,2021-07-12,2
인천광역시,2021-07-13,1
인천광역시,2021-07-14,2
인천광역시,2021-07-15,4
인천광역시,2021-07-16,2
인천광역시,2021-07-19,1
인천광역시,2021-07-20,3
인천광역시,2021-07-21,3
인천광역시,2021-07-22,2
인천광역시,2021-07-23,5
인천광역시,2021-07-24,7
인천광역시,2021-07-25,6
인천광역시,2021-07-26,3
인천광역시,2021-07-27,7
인천광역시,2021-07-28,3
인천광역시,2021-07-29,2
인천광역시,2021-07-30,4
인천광역시,2021-07-31,1
인천광역시,2021-08-03,1
인천광역시,2021-08-04,3
인천광역시,2021-08-05,6
인천광역시,2021-08-06,1
인천광역시,2021-08-07,2
인천광역시,2021-08-08,1
인천광역시,2021-08-09,1
인천광역시,2021-08-12,1
인천광역시,2021-08-18,1
인천광역시,2021-08-20,1
인천광역시,2021-09-03,1
인천광역시,2022-06-03,3
인천광역시,2022-06-24,1
인천광역시,2022-06-26,1
인천광역시,2022-06-29,1
인천광역시,2022-07-01,2
인천광역시,2022-07-02,6
인천광역시,2022-07-03,2
인천광역시,2022-07-04,4
인천광역시,2022-07-05,5
인천광역시,2022-07-06,6
인천광역시,2022-07-09,1
인천광역시,2022-07-10,2
인천광역시,2022-07-11,1
인천광역시,2022-07-25,1
인천광역시,2022-07-26,1
인천광역시,2022-07-27,1
인천광역시,2022-07-28,1
인천광역시,2022-07-29,2
인천광역시,2022-07-30,3
인천광역시,2022-08-01,1
인천광역시,2022-08-03,1
인천광역시,2022-08-04,5
인천광역시,2022-08-05,6
인천광역시,2022-08-06,2
인천광역시,2022-08-15,1
인천광역시,2022-08-18,1
인천광역시,2022-08-20,2
인천광역시,2022-08-22,1
인천광역시,2022-09-12,1
인천광역시,2022-09-15,1
인천광역시,2022-09-17,2
인천광역시,2022-09-24,1
인천광역시,2023-05-26,1
인천광역시,2023-06-13,1
인천광역시,2023-06-14,2
인천광역시,2023-06-16,1
인천광역시,2023-06-19,2
인천광역시,2023-06-25,1
인천광역시,2023-06-27,1
인천광역시,2023-06-29,1
인천광역시,2023-06-30,1
인천광역시,2023-07-02,1
인천광역시,2023-07-03,4
인천광역시,2023-07-08,1
인천광역시,2023-07-17,1
인천광역시,2023-07-19,4
인천광역시,2023-07-20,4
인천광역시,2023-07-21,6
인천광역시,2023-07-22,2
인천광역시,2023-07-25,2
인천광역시,2023-07-26,2
인천광역시,2023-07-27,2
인천광역시,2023-07-28,2
인천광역시,2023-07-29,5
인천광역시,2023-07-30,2
인천광역시,2023-07-31,3
인천광역시,2023-08-01,4
인천광역시,2023-08-02,2
인천광역시,2023-08-03,1
인천광역시,2023-08-04,4
인천광역시,2023-08-05,5
인천광역시,2023-08-06,6
인천광역시,2023-08-07,7
인천광역시,2023-08-08,2
인천광역시,2023-08-09,2
인천광역시,2023-08-13,1
인천광역시,2023-08-14,3
인천광역시,2023-08-15,6
인천광역시,2023-08-16,2
인천광역시,2023-08-17,5
인천광역시,2023-08-18,2
인천광역시,2023-08-20,1
인천광역시,2023-08-21,1
인천광역시,2023-08-23,1
인천광역시,2023-08-25,1
인천광역시,2023-08-26,2
인천광역시,2023-08-27,1
인천광역시,2023-09-02,1
인천광역시,2023-09-15,1
인천광역시,2024-06-06,1
인천광역시,2024-06-11,1
인천광역시,2024-06-12,2
인천광역시,2024-06-13,2
인천광역시,2024-06-14,1
인천광역시,2024-06-15,1
인천광역시,2024-06-19,2
인천광역시,2024-06-20,3
인천광역시,2024-06-21,2
인천광역시,2024-06-26,1
인천광역시,2024-06-27,1
인천광역시,2024-07-01,1
인천광역시,2024-07-04,1
인천광역시,2024-07-07,1
인천광역시,2024-07-13,4
인천광역시,2024-07-14,3
인천광역시,2024-07-15,2
인천광역시,2024-07-18,1
인천광역시,2024-07-19,1
인천광역시,2024-07-20,1
인천광역시,2024-07-24,1
인천광역시,2024-07-25,7
인천광역시,2024-07-26,3
인천광역시,2024-07-27,6
인천광역시,2024-07-28,4
인천광역시,2024-07-30,4
인천광역시,2024-07-31,3
인천광역시,2024-08-01,4
인천광역시,2024-08-02,1
인천광역시,2024-08-03,5
인천광역시,2024-08-04,11
인천광역시,2024-08-05,6
인천광역시,2024-08-06,5
인천광역시,2024-08-07,2
인천광역시,2024-08-08,1
인천광역시,2024-08-09,2
인천광역시,2024-08-10,3
인천광역시,2024-08-11,2
인천광역시,2024-08-12,11
인천광역시,2024-08-13,6
인천광역시,2024-08-14,5
인천광역시,2024-08-15,4
인천광역시,2024-08-16,8
인천광역시,2024-08-17,1
인천광역시,2024-08-18,4
인천광역시,2024-08-19,6
인천광역시,2024-08-20,16
인천광역시,2024-08-21,3
인천광역시,2024-08-22,2
인천광역시,2024-08-23,1
인천광역시,2024-08-24,2
인천광역시,2024-08-25,3
인천광역시,2024-08-26,2
인천광역시,2024-08-28,1
인천광역시,2024-08-29,1
인천광역시,2024-08-30,1
인천광역시,2024-08-31,1
인천광역시,2024-09-01,1
인천광역시,2024-09-03,1
인천광역시,2024-09-08,4
인천광역시,2024-09-09,6
인천광역시,2024-09-10,2
인천광역시,2024-09-11,1
인천광역시,2024-09-14,1
인천광역시,2024-09-15,1
인천광역시,2024-09-16,1
인천광역시,2024-09-18,1
인천광역시,2024-09-19,2
인천광역시,2024-09-26,1
인천광역시,2024-09-29,3
인천광역시,2025-05-21,3
인천광역시,2025-06-09,1
인천광역시,2025-06-14,2
인천광역시,2025-06-17,2
인천광역시,2025-06-19,1
인천광역시,2025-06-29,1
인천광역시,2025-06-30,1
인천광역시,2025-07-01,2
인천광역시,2025-07-03,3
인천광역시,2025-07-04,2
인천광역시,2025-07-05,1
인천광역시,2025-07-06,4
인천광역시,2025-07-07,7
인천광역시,2025-07-08,43
인천광역시,2025-07-09,14
인천광역시,2025-07-10,8
인천광역시,2025-07-11,2
인천광역시,2025-07-12,4
인천광역시,2025-07-13,3
인천광역시,2025-07-14,1
인천광역시,2025-07-15,4
인천광역시,2025-07-17,1
인천광역시,2025-07-20,1
인천광역시,2025-07-21,6
인천광역시,2025-07-22,5
인천광역시,2025-07-23,7
인천광역시,2025-07-24,6
인천광역시,2025-07-25,7
인천광역시,2025-07-26,14
인천광역시,2025-07-27,11
인천광역시,2025-07-28,8
인천광역시,2025-07-29,14
인천광역시,2025-07-30,9
인천광역시,2025-07-31,4
인천광역시,2025-08-01,6
인천광역시,2025-08-02,4
인천광역시,2025-08-03,5
인천광역시,2025-08-04,7
인천광역시,2025-08-05,4
인천광역시,2025-08-06,1
인천광역시,2025-08-07,4
인천광역시,2025-08-08,1
인천광역시,2025-08-09,1
인천광역시,2025-08-12,3
인천광역시,2025-08-13,1
인천광역시,2025-08-14,1
인천광역시,2025-08-15,1
인천광역시,2025-08-16,1
인천광역시,2025-08-18,2
인천광역시,2025-08-19,1
인천광역시,2025-08-20,4
인천광역시,2025-08-21,3
인천광역시,2025-08-22,5
인천광역시,2025-08-23,1
인천광역시,2025-08-24,1
인천광역시,2025-08-25,7
인천광역시,2025-08-28,1
인천광역시,2025-08-29,3
인천광역시,2025-08-30,1
인천광역시,2025-08-31,3
인천광역시,2025-09-03,1
인천광역시,2025-09-04,1
인천광역시,2025-09-05,1
인천광역시,2025-09-06,1
인천광역시,2025-09-07,1
인천광역시,2025-09-23,1
전라남도,2020-05-23,1
전라남도,2020-06-03,1
전라남도,2020-06-04,2
전라남도,2020-06-05,1
전라남도,2020-06-07,1
전라남도,2020-06-08,1
전라남도,2020-06-09,1
전라남도,2020-06-10,1
전라남도,2020-06-11,2
전라남도,2020-06-12,1
전라남도,2020-06-15,1
전라남도,2020-06-16,3
전라남도,2020-06-17,1
전라남도,2020-06-19,1
전라남도,2020-06-21,3
전라남도,2020-06-22,1
전라남도,2020-06-23,2
전라남도,2020-07-07,4
전라남도,2020-07-11,1
전라남도,2020-07-14,1
전라남도,2020-07-16,1
전라남도,2020-07-17,1
전라남도,2020-07-21,1
전라남도,2020-07-31,7
전라남도,2020-08-01,2
전라남도,2020-08-02,2
전라남도,2020-08-03,1
전라남도,2020-08-04,1
전라남도,2020-08-05,3
전라남도,2020-08-07,1
전라남도,2020-08-11,2
전라남도,2020-08-12,2
전라남도,2020-08-13,7
전라남도,2020-08-14,8
전라남도,2020-08-15,5
전라남도,2020-08-16,5
전라남도,2020-08-17,9
전라남도,2020-08-18,2
전라남도,2020-08-19,5
전라남도,2020-08-20,2
전라남도,2020-08-21,5
전라남도,2020-08-22,3
전라남도,2020-08-24,1
전라남도,2020-08-25,5
전라남도,2020-08-27,2
전라남도,2020-08-28,1
전라남도,2020-08-30,1
전라남도,2020-08-31,1
전라남도,2020-09-13,1
전라남도,2021-05-31,1
전라남도,2021-06-01,1
전라남도,2021-06-02,1
전라남도,2021-06-04,1
전라남도,2021-06-05,1
전라남도,2021-06-08,2
전라남도,2021-06-12,1
전라남도,2021-06-14,1
전라남도,2021-06-24,2
전라남도,2021-06-26,1
전라남도,2021-06-27,2
전라남도,2021-06-29,1
전라남도,2021-06-30,1
전라남도,2021-07-01,4
전라남도,2021-07-08,2
전라남도,2021-07-09,1
전라남도,2021-07-10,2
전라남도,2021-07-12,5
전라남도,2021-07-13,5
전라남도,2021-07-14,3
전라남도,2021-07-15,2
전라남도,2021-07-16,2
전라남도,2021-07-17,1
전라남도,2021-07-18,1
전라남도,2021-07-20,2
전라남도,2021-07-22,2
전라남도,2021-07-23,4
전라남도,2021-07-24,2
전라남도,2021-07-26,2
전라남도,2021-07-27,2
전라남도,2021-07-28,4
전라남도,2021-07-29,1
전라남도,2021-07-30,2
전라남도,2021-07-31,4
전라남도,2021-08-01,2
전라남도,2021-08-02,1
전라남도,2021-08-04,3
전라남도,2021-08-05,4
전라남도,2021-08-06,6
전라남도,2021-08-07,4
전라남도,2021-08-08,2
전라남도,2021-08-09,2
전라남도,2021-08-10,3
전라남도,2021-08-11,3
전라남도,2021-08-17,3
전라남도,2021-08-26,1
전라남도,2021-08-27,1
전라남도,2021-08-30,1
전라남도,2021-08-31,1
전라남도,2021-09-11,1
전라남도,2021-09-12,1
전라남도,2021-09-15,1
전라남도,2021-09-20,1
전라남도,2022-05-23,3
전라남도,2022-05-24,1
전라남도,2022-05-28,1
전라남도,2022-06-02,1
전라남도,2022-06-03,1
전라남도,2022-06-04,1
전라남도,2022-06-06,1
전라남도,2022-06-10,1
전라남도,2022-06-11,1
전라남도,2022-06-17,3
전라남도,2022-06-18,1
전라남도,2022-06-21,1
전라남도,2022-06-22,2
전라남도,2022-06-24,1
전라남도,2022-06-26,1
전라남도,2022-06-27,1
전라남도,2022-06-30,1
전라남도,2022-07-01,8
전라남도,2022-07-02,5
전라남도,2022-07-03,3
전라남도,2022-07-04,2
전라남도,2022-07-05,3
전라남도,2022-07-06,6
전라남도,2022-07-07,4
전라남도,2022-07-09,2
전라남도,2022-07-10,2
전라남도,2022-07-12,1
전라남도,2022-07-13,1
전라남도,2022-07-14,2
전라남도,2022-07-16,2
전라남도,2022-07-20,2
전라남도,2022-07-25,1
전라남도,2022-07-28,5
전라남도,2022-07-29,3
전라남도,2022-08-02,1
전라남도,2022-08-04,2
전라남도,2022-08-05,5
전라남도,2022-08-06,4
전라남도,2022-08-07,5
전라남도,2022-08-08,1
전라남도,2022-08-09,3
전라남도,2022-08-10,1
전라남도,2022-08-12,1
전라남도,2022-08-13,4
전라남도,2022-08-14,2
전라남도,2022-08-15,1
전라남도,2022-08-16,1
전라남도,2022-08-17,1
전라남도,2022-08-18,2
전라남도,2022-08-20,1
전라남도,2022-08-21,2
전라남도,2022-08-22,1
전라남도,2022-08-23,1
전라남도,2022-08-25,1
전라남도,2022-09-04,1
전라남도,2022-09-05,1
전라남도,2022-09-07,1
전라남도,2022-09-16,3
전라남도,2022-09-17,2
전라남도,2022-09-18,1
전라남도,2022-09-19,1
전라남도,2023-06-07,1
전라남도,2023-06-11,1
전라남도,2023-06-15,2
전라남도,2023-06-16,1
전라남도,2023-06-17,1
전라남도,2023-06-18,1
전라남도,2023-06-19,3
전라남도,2023-06-24,2
전라남도,2023-07-03,2
전라남도,2023-07-05,2
전라남도,2023-07-15,1
전라남도,2023-07-16,1
전라남도,2023-07-20,3
전라남도,2023-07-21,2
전라남도,2023-07-24,1
전라남도,2023-07-25,2
전라남도,2023-07-26,7
전라남도,2023-07-27,11
전라남도,2023-07-28,4
전라남도,2023-07-29,8
전라남도,2023-07-31,10
전라남도,2023-08-01,8
전라남도,2023-08-02,9
전라남도,2023-08-03,17
전라남도,2023-08-04,8
전라남도,2023-08-05,7
전라남도,2023-08-06,6
전라남도,2023-08-07,11
전라남도,2023-08-08,12
전라남도,2023-08-09,1
전라남도,2023-08-11,4
전라남도,2023-08-12,7
전라남도,2023-08-13,4
전라남도,2023-08-14,4
전라남도,2023-08-15,3
전라남도,2023-08-16,3
전라남도,2023-08-17,4
전라남도,2023-08-18,3
전라남도,2023-08-19,2
전라남도,2023-08-20,3
전라남도,2023-08-21,10
전라남도,2023-08-22,5
전라남도,2023-08-23,1
전라남도,2023-08-24,1
전라남도,2023-08-25,1
전라남도,2023-08-26,3
전라남도,2023-08-27,1
전라남도,2023-08-29,1
전라남도,2023-08-31,1
전라남도,2023-09-01,1
전라남도,2023-09-03,2
전라남도,2023-09-04,4
전라남도,2023-09-05,2
전라남도,2023-09-06,1
전라남도,2023-09-09,1
전라남도,2023-09-11,1
전라남도,2023-09-17,1
전라남도,2023-09-19,1
전라남도,2023-09-20,2
전라남도,2024-05-24,1
전라남도,2024-05-28,2
전라남도,2024-05-31,2
전라남도,2024-06-01,1
전라남도,2024-06-06,1
전라남도,2024-06-11,1
전라남도,2024-06-12,2
전라남도,2024-06-13,2
전라남도,2024-06-14,2
전라남도,2024-06-15,4
전라남도,2024-06-19,3
전라남도,2024-06-21,2
전라남도,2024-06-28,1
전라남도,2024-06-29,1
전라남도,2024-06-30,1
전라남도,2024-07-01,1
전라남도,2024-07-02,1
전라남도,2024-07-03,3
전라남도,2024-07-04,4
전라남도,2024-07-06,1
전라남도,2024-07-07,3
전라남도,2024-07-11,1
전라남도,2024-07-17,3
전라남도,2024-07-20,3
전라남도,2024-07-21,3
전라남도,2024-07-22,11
전라남도,2024-07-23,8
전라남도,2024-07-24,19
전라남도,2024-07-25,16
전라남도,2024-07-26,2
전라남도,2024-07-27,4
전라남도,2024-07-28,5
전라남도,2024-07-29,13
전라남도,2024-07-30,5
전라남도,2024-07-31,12
전라남도,2024-08-01,25
전라남도,2024-08-02,10
전라남도,2024-08-03,24
전라남도,2024-08-04,11
전라남도,2024-08-05,10
전라남도,2024-08-06,10
전라남도,2024-08-07,8
전라남도,2024-08-08,12
전라남도,2024-08-09,14
전라남도,2024-08-10,5
전라남도,2024-08-11,5
전라남도,2024-08-12,5
전라남도,2024-08-13,5
전라남도,2024-08-14,6
전라남도,2024-08-15,3
전라남도,2024-08-16,4
전라남도,2024-08-17,5
전라남도,2024-08-18,6
전라남도,2024-08-19,1
전라남도,2024-08-20,9
전라남도,2024-08-21,2
전라남도,2024-08-22,1
전라남도,2024-08-23,4
전라남도,2024-08-24,10
전라남도,2024-08-25,3
전라남도,2024-08-26,8
전라남도,2024-08-27,4
전라남도,2024-08-28,3
전라남도,2024-08-29,4
전라남도,2024-08-30,2
전라남도,2024-08-31,2
전라남도,2024-09-01,1
전라남도,2024-09-03,2
전라남도,2024-09-06,2
전라남도,2024-09-07,1
전라남도,2024-09-08,2
전라남도,2024-09-09,5
전라남도,2024-09-10,5
전라남도,2024-09-11,3
전라남도,2024-09-12,1
전라남도,2024-09-13,4
전라남도,2024-09-14,1
전라남도,2024-09-15,3
전라남도,2024-09-17,2
전라남도,2024-09-18,2
전라남도,2024-09-19,1
전라남도,2024-09-20,1
전라남도,2024-09-26,2
전라남도,2024-09-28,1
전라남도,2024-09-29,2
전라남도,2024-09-30,1
전라남도,2025-05-29,1
전라남도,2025-06-05,1
전라남도,2025-06-07,1
전라남도,2025-06-08,1
전라남도,2025-06-12,1
전라남도,2025-06-15,2
전라남도,2025-06-19,1
전라남도,2025-06-23,2
전라남도,2025-06-26,1
전라남도,2025-06-27,5
전라남도,2025-06-28,6
전라남도,2025-06-29,3
전라남도,2025-06-30,2
전라남도,2025-07-01,8
전라남도,2025-07-02,12
전라남도,2025-07-03,4
전라남도,2025-07-04,4
전라남도,2025-07-05,6
전라남도,2025-07-06,4
전라남도,2025-07-07,6
전라남도,2025-07-08,10
전라남도,2025-07-09,7
전라남도,2025-07-10,5
전라남도,2025-07-11,9
전라남도,2025-07-13,1
전라남도,2025-07-14,3
전라남도,2025-07-15,1
전라남도,2025-07-17,3
전라남도,2025-07-19,1
전라남도,2025-07-20,3
전라남도,2025-07-21,6
전라남도,2025-07-22,9
전라남도,2025-07-23,13
전라남도,2025-07-24,9
전라남도,2025-07-25,16
전라남도,2025-07-26,8
전라남도,2025-07-27,3
전라남도,2025-07-28,8
전라남도,2025-07-29,2
전라남도,2025-07-30,6
전라남도,2025-07-31,2
전라남도,2025-08-01,7
전라남도,2025-08-02,12
전라남도,2025-08-04,3
전라남도,2025-08-05,8
전라남도,2025-08-07,5
전라남도,2025-08-08,1
전라남도,2025-08-13,5
전라남도,2025-08-14,19
전라남도,2025-08-15,13
전라남도,2025-08-16,11
전라남도,2025-08-17,2
전라남도,2025-08-18,3
전라남도,2025-08-19,6
전라남도,2025-08-20,6
전라남도,2025-08-21,4
전라남도,2025-08-22,7
전라남도,2025-08-23,5
전라남도,2025-08-24,4
전라남도,2025-08-25,5
전라남도,2025-08-26,3
전라남도,2025-08-27,4
전라남도,2025-08-28,3
전라남도,2025-08-29,6
전라남도,2025-08-30,5
전라남도,2025-08-31,3
전라남도,2025-09-02,3
전라남도,2025-09-03,2
전라남도,2025-09-04,10
전라남도,2025-09-05,5
전라남도,2025-09-06,3
전라남도,2025-09-07,1
전라남도,2025-09-11,2
전라남도,2025-09-13,1
전라남도,2025-09-14,1
전라남도,2025-09-16,2
전라남도,2025-09-17,4
전라남도,2025-09-22,1
전북특별자치도,2020-06-04,1
전북특별자치도,2020-06-08,1
전북특별자치도,2020-06-09,3
전북특별자치도,2020-06-10,2
전북특별자치도,2020-06-21,2
전북특별자치도,2020-06-22,2
전북특별자치도,2020-06-23,1
전북특별자치도,2020-06-25,1
전북특별자치도,2020-06-27,1
전북특별자치도,2020-06-28,3
전북특별자치도,2020-07-05,1
전북특별자치도,2020-07-11,1
전북특별자치도,2020-07-17,1
전북특별자치도,2020-07-18,1
전북특별자치도,2020-07-31,1
전북특별자치도,2020-08-02,2
전북특별자치도,2020-08-04,3
전북특별자치도,2020-08-05,1
전북특별자치도,2020-08-10,2
전북특별자치도,2020-08-12,1
전북특별자치도,2020-08-13,6
전북특별자치도,2020-08-14,3
전북특별자치도,2020-08-16,1
전북특별자치도,2020-08-17,2
전북특별자치도,2020-08-18,1
전북특별자치도,2020-08-19,2
전북특별자치도,2020-08-20,4
전북특별자치도,2020-08-21,2
전북특별자치도,2020-08-23,4
전북특별자치도,2020-08-24,2
전북특별자치도,2020-08-25,3
전북특별자치도,2020-08-26,1
전북특별자치도,2020-08-27,1
전북특별자치도,2020-08-28,1
전북특별자치도,2020-08-30,3
전북특별자치도,2020-08-31,4
전북특별자치도,2021-06-02,1
전북특별자치도,2021-06-08,2
전북특별자치도,2021-06-11,2
전북특별자치도,2021-06-12,1
전북특별자치도,2021-06-13,2
전북특별자치도,2021-06-30,1
전북특별자치도,2021-07-02,2
전북특별자치도,2021-07-08,1
전북특별자치도,2021-07-12,5
전북특별자치도,2021-07-13,2
전북특별자치도,2021-07-14,2
전북특별자치도,2021-07-15,7
전북특별자치도,2021-07-16,3
전북특별자치도,2021-07-18,1
전북특별자치도,2021-07-20,3
전북특별자치도,2021-07-21,2
전북특별자치도,2021-07-22,1
전북특별자치도,2021-07-23,1
전북특별자치도,2021-07-24,1
전북특별자치도,2021-07-26,2
전북특별자치도,2021-07-27,1
전북특별자치도,2021-07-28,8
전북특별자치도,2021-07-29,9
전북특별자치도,2021-07-30,1
전북특별자치도,2021-07-31,4
전북특별자치도,2021-08-01,1
전북특별자치도,2021-08-02,1
전북특별자치도,2021-08-03,1
전북특별자치도,2021-08-04,5
전북특별자치도,2021-08-05,6
전북특별자치도,2021-08-06,3
전북특별자치도,2021-08-07,3
전북특별자치도,2021-08-08,1
전북특별자치도,2021-08-10,1
전북특별자치도,2021-08-22,1
전북특별자치도,2021-09-03,1
전북특별자치도,2021-09-12,1
전북특별자치도,2021-09-19,1
전북특별자치도,2021-09-26,1
전북특별자치도,2021-09-30,1
전북특별자치도,2022-05-28,1
전북특별자치도,2022-06-10,1
전북특별자치도,2022-06-20,3
전북특별자치도,2022-06-21,4
전북특별자치도,2022-06-22,1
전북특별자치도,2022-06-24,2
전북특별자치도,2022-06-25,1
전북특별자치도,2022-06-26,2
전북특별자치도,2022-06-27,1
전북특별자치도,2022-06-30,2
전북특별자치도,2022-07-01,2
전북특별자치도,2022-07-02,9
전북특별자치도,2022-07-03,6
전북특별자치도,2022-07-04,1
전북특별자치도,2022-07-05,1
전북특별자치도,2022-07-06,3
전북특별자치도,2022-07-10,2
전북특별자치도,2022-07-11,2
전북특별자치도,2022-07-12,2
전북특별자치도,2022-07-15,1
전북특별자치도,2022-07-16,2
전북특별자치도,2022-07-17,1
전북특별자치도,2022-07-20,3
전북특별자치도,2022-07-24,1
전북특별자치도,2022-07-25,1
전북특별자치도,2022-07-26,2
전북특별자치도,2022-07-27,4
전북특별자치도,2022-07-28,3
전북특별자치도,2022-07-29,5
전북특별자치도,2022-08-01,1
전북특별자치도,2022-08-03,3
전북특별자치도,2022-08-04,3
전북특별자치도,2022-08-05,2
전북특별자치도,2022-08-06,5
전북특별자치도,2022-08-07,3
전북특별자치도,2022-08-08,4
전북특별자치도,2022-08-13,1
전북특별자치도,2022-08-21,1
전북특별자치도,2022-08-26,1
전북특별자치도,2022-09-08,1
전북특별자치도,2022-09-15,1
전북특별자치도,2022-09-18,2
전북특별자치도,2023-05-25,1
전북특별자치도,2023-06-08,1
전북특별자치도,2023-06-10,2
전북특별자치도,2023-06-12,2
전북특별자치도,2023-06-14,1
전북특별자치도,2023-06-16,1
전북특별자치도,2023-06-17,2
전북특별자치도,2023-06-18,3
전북특별자치도,2023-06-19,1
전북특별자치도,2023-06-23,1
전북특별자치도,2023-06-27,2
전북특별자치도,2023-06-28,1
전북특별자치도,2023-07-01,1
전북특별자치도,2023-07-02,7
전북특별자치도,2023-07-03,4
전북특별자치도,2023-07-08,1
전북특별자치도,2023-07-09,2
전북특별자치도,2023-07-10,1
전북특별자치도,2023-07-13,1
전북특별자치도,2023-07-17,3
전북특별자치도,2023-07-19,3
전북특별자치도,2023-07-20,4
전북특별자치도,2023-07-21,8
전북특별자치도,2023-07-26,1
전북특별자치도,2023-07-27,3
전북특별자치도,2023-07-28,7
전북특별자치도,2023-07-29,8
전북특별자치도,2023-07-30,9
전북특별자치도,2023-07-31,4
전북특별자치도,2023-08-01,11
전북특별자치도,2023-08-02,5
전북특별자치도,2023-08-03,13
전북특별자치도,2023-08-04,4
전북특별자치도,2023-08-05,12
전북특별자치도,2023-08-06,18
전북특별자치도,2023-08-07,7
전북특별자치도,2023-08-08,9
전북특별자치도,2023-08-10,2
전북특별자치도,2023-08-12,2
전북특별자치도,2023-08-13,4
전북특별자치도,2023-08-14,5
전북특별자치도,2023-08-15,4
전북특별자치도,2023-08-16,3
전북특별자치도,2023-08-17,1
전북특별자치도,2023-08-19,3
전북특별자치도,2023-08-20,2
전북특별자치도,2023-08-21,2
전북특별자치도,2023-08-22,1
전북특별자치도,2023-08-24,2
전북특별자치도,2023-08-26,1
전북특별자치도,2023-09-03,3
전북특별자치도,2023-09-04,1
전북특별자치도,2023-09-06,4
전북특별자치도,2023-09-08,1
전북특별자치도,2023-09-18,2
전북특별자치도,2024-05-21,1
전북특별자치도,2024-05-23,1
전북특별자치도,2024-05-25,1
전북특별자치도,2024-05-29,1
전북특별자치도,2024-06-11,2
전북특별자치도,2024-06-13,1
전북특별자치도,2024-06-14,2
전북특별자치도,2024-06-15,3
전북특별자치도,2024-06-19,2
전북특별자치도,2024-06-21,1
전북특별자치도,2024-06-24,1
전북특별자치도,2024-07-02,2
전북특별자치도,2024-07-04,3
전북특별자치도,2024-07-05,1
전북특별자치도,2024-07-06,1
전북특별자치도,2024-07-12,3
전북특별자치도,2024-07-14,1
전북특별자치도,2024-07-15,1
전북특별자치도,2024-07-16,1
전북특별자치도,2024-07-18,1
전북특별자치도,2024-07-21,1
전북특별자치도,2024-07-22,4
전북특별자치도,2024-07-23,1
전북특별자치도,2024-07-24,5
전북특별자치도,2024-07-25,4
전북특별자치도,2024-07-26,1
전북특별자치도,2024-07-27,2
전북특별자치도,2024-07-28,5
전북특별자치도,2024-07-29,3
전북특별자치도,2024-07-30,9
전북특별자치도,2024-07-31,7
전북특별자치도,2024-08-01,6
전북특별자치도,2024-08-02,5
전북특별자치도,2024-08-03,14
전북특별자치도,2024-08-04,9
전북특별자치도,2024-08-05,4
전북특별자치도,2024-08-06,6
전북특별자치도,2024-08-07,10
전북특별자치도,2024-08-08,5
전북특별자치도,2024-08-09,3
전북특별자치도,2024-08-10,5
전북특별자치도,2024-08-11,6
전북특별자치도,2024-08-12,7
전북특별자치도,2024-08-13,7
전북특별자치도,2024-08-14,3
전북특별자치도,2024-08-15,4
전북특별자치도,2024-08-16,4
전북특별자치도,2024-08-17,1
전북특별자치도,2024-08-18,1
전북특별자치도,2024-08-19,6
전북특별자치도,2024-08-20,3
전북특별자치도,2024-08-21,1
전북특별자치도,2024-08-23,4
전북특별자치도,2024-08-24,5
전북특별자치도,2024-08-25,2
전북특별자치도,2024-08-26,1
전북특별자치도,2024-08-28,3
전북특별자치도,2024-08-30,3
전북특별자치도,2024-08-31,2
전북특별자치도,2024-09-01,1
전북특별자치도,2024-09-03,1
전북특별자치도,2024-09-04,2
전북특별자치도,2024-09-05,1
전북특별자치도,2024-09-09,2
전북특별자치도,2024-09-10,7
전북특별자치도,2024-09-11,1
전북특별자치도,2024-09-12,1
전북특별자치도,2024-09-13,1
전북특별자치도,2024-09-14,2
전북특별자치도,2024-09-15,1
전북특별자치도,2024-09-16,1
전북특별자치도,2024-09-17,2
전북특별자치도,2024-09-19,2
전북특별자치도,2025-05-20,1
전북특별자치도,2025-05-21,2
전북특별자치도,2025-05-25,1
전북특별자치도,2025-05-27,1
전북특별자치도,2025-05-29,1
전북특별자치도,2025-06-03,1
전북특별자치도,2025-06-04,1
전북특별자치도,2025-06-11,1
전북특별자치도,2025-06-14,1
전북특별자치도,2025-06-15,3
전북특별자치도,2025-06-18,3
전북특별자치도,2025-06-19,2
전북특별자치도,2025-06-22,1
전북특별자치도,2025-06-27,3
전북특별자치도,2025-06-28,5
전북특별자치도,2025-06-29,4
전북특별자치도,2025-06-30,10
전북특별자치도,2025-07-01,2
전북특별자치도,2025-07-02,11
전북특별자치도,2025-07-04,3
전북특별자치도,2025-07-05,2
전북특별자치도,2025-07-06,3
전북특별자치도,2025-07-07,3
전북특별자치도,2025-07-08,10
전북특별자치도,2025-07-09,3
전북특별자치도,2025-07-10,5
전북특별자치도,2025-07-11,4
전북특별자치도,2025-07-12,4
전북특별자치도,2025-07-13,2
전북특별자치도,2025-07-19,1
전북특별자치도,2025-07-20,7
전북특별자치도,2025-07-21,6
전북특별자치도,2025-07-22,4
전북특별자치도,2025-07-23,9
전북특별자치도,2025-07-24,10
전북특별자치도,2025-07-25,5
전북특별자치도,2025-07-26,4
전북특별자치도,2025-07-27,5
전북특별자치도,2025-07-28,9
전북특별자치도,2025-07-29,5
전북특별자치도,2025-07-30,4
전북특별자치도,2025-07-31,1
전북특별자치도,2025-08-01,4
전북특별자치도,2025-08-02,3
전북특별자치도,2025-08-03,2
전북특별자치도,2025-08-04,4
전북특별자치도,2025-08-05,1
전북특별자치도,2025-08-06,1
전북특별자치도,2025-08-07,1
전북특별자치도,2025-08-08,1
전북특별자치도,2025-08-10,1
전북특별자치도,2025-08-11,1
전북특별자치도,2025-08-12,1
전북특별자치도,2025-08-14,1
전북특별자치도,2025-08-15,5
전북특별자치도,2025-08-16,3
전북특별자치도,2025-08-17,5
전북특별자치도,2025-08-18,5
전북특별자치도,2025-08-19,2
전북특별자치도,2025-08-20,4
전북특별자치도,2025-08-21,7
전북특별자치도,2025-08-22,1
전북특별자치도,2025-08-23,2
전북특별자치도,2025-08-24,3
전북특별자치도,2025-08-25,4
전북특별자치도,2025-08-26,1
전북특별자치도,2025-08-27,1
전북특별자치도,2025-08-29,5
전북특별자치도,2025-08-30,8
전북특별자치도,2025-08-31,2
전북특별자치도,2025-09-01,1
전북특별자치도,2025-09-03,1
전북특별자치도,2025-09-04,1
전북특별자치도,2025-09-06,1
전북특별자치도,2025-09-11,1
전북특별자치도,2025-09-16,1
제주특별자치도,2020-06-04,1
제주특별자치도,2020-07-07,1
제주특별자치도,2020-07-09,1
제주특별자치도,2020-07-19,1
제주특별자치도,2020-07-20,1
제주특별자치도,2020-07-28,3
제주특별자치도,2020-07-29,3
제주특별자치도,2020-07-30,1
제주특별자치도,2020-07-31,2
제주특별자치도,2020-08-01,2
제주특별자치도,2020-08-03,1
제주특별자치도,2020-08-06,1
제주특별자치도,2020-08-10,1
제주특별자치도,2020-08-12,1
제주특별자치도,2020-08-13,3
제주특별자치도,2020-08-14,8
제주특별자치도,2020-08-15,3
제주특별자치도,2020-08-16,1
제주특별자치도,2020-08-17,1
제주특별자치도,2020-08-18,4
제주특별자치도,2020-08-19,2
제주특별자치도,2020-08-20,1
제주특별자치도,2020-08-21,5
제주특별자치도,2020-08-23,2
제주특별자치도,2020-08-24,2
제주특별자치도,2020-08-27,1
제주특별자치도,2020-08-28,3
제주특별자치도,2020-08-30,2
제주특별자치도,2020-08-31,2
제주특별자치도,2020-09-04,2
제주특별자치도,2020-09-08,2
제주특별자치도,2020-09-09,1
제주특별자치도,2020-09-11,1
제주특별자치도,2021-05-24,1
제주특별자치도,2021-06-08,1
제주특별자치도,2021-06-09,1
제주특별자치도,2021-06-12,1
제주특별자치도,2021-06-14,1
제주특별자치도,2021-06-21,1
제주특별자치도,2021-06-24,1
제주특별자치도,2021-07-10,1
제주특별자치도,2021-07-11,4
제주특별자치도,2021-07-13,8
제주특별자치도,2021-07-14,2
제주특별자치도,2021-07-15,2
제주특별자치도,2021-07-16,1
제주특별자치도,2021-07-19,1
제주특별자치도,2021-07-21,1
제주특별자치도,2021-07-22,1
제주특별자치도,2021-07-24,1
제주특별자치도,2021-07-26,1
제주특별자치도,2021-07-27,1
제주특별자치도,2021-07-28,5
제주특별자치도,2021-07-30,1
제주특별자치도,2021-07-31,2
제주특별자치도,2021-08-02,1
제주특별자치도,2021-08-04,4
제주특별자치도,2021-08-06,2
제주특별자치도,2021-08-09,2
제주특별자치도,2021-08-10,2
제주특별자치도,2021-08-18,2
제주특별자치도,2021-08-24,1
제주특별자치도,2021-08-27,3
제주특별자치도,2021-08-28,3
제주특별자치도,2021-08-29,1
제주특별자치도,2021-08-31,3
제주특별자치도,2021-09-11,1
제주특별자치도,2021-09-29,1
제주특별자치도,2022-05-28,1
제주특별자치도,2022-06-01,1
제주특별자치도,2022-06-03,1
제주특별자치도,2022-06-10,1
제주특별자치도,2022-06-15,1
제주특별자치도,2022-06-19,3
제주특별자치도,2022-06-23,1
제주특별자치도,2022-06-26,2
제주특별자치도,2022-06-29,1
제주특별자치도,2022-06-30,1
제주특별자치도,2022-07-01,1
제주특별자치도,2022-07-02,1
제주특별자치도,2022-07-03,1
제주특별자치도,2022-07-05,1
제주특별자치도,2022-07-06,4
제주특별자치도,2022-07-07,2
제주특별자치도,2022-07-08,1
제주특별자치도,2022-07-09,1
제주특별자치도,2022-07-10,2
제주특별자치도,2022-07-11,1
제주특별자치도,2022-07-13,2
제주특별자치도,2022-07-16,1
제주특별자치도,2022-07-19,2
제주특별자치도,2022-07-22,2
제주특별자치도,2022-07-23,2
제주특별자치도,2022-07-25,2
제주특별자치도,2022-07-26,1
제주특별자치도,2022-07-27,1
제주특별자치도,2022-08-02,3
제주특별자치도,2022-08-03,6
제주특별자치도,2022-08-04,4
제주특별자치도,2022-08-06,8
제주특별자치도,2022-08-07,2
제주특별자치도,2022-08-09,2
제주특별자치도,2022-08-10,3
제주특별자치도,2022-08-11,1
제주특별자치도,2022-08-12,3
제주특별자치도,2022-08-13,2
제주특별자치도,2022-08-14,1
제주특별자치도,2022-08-15,1
제주특별자치도,2022-08-16,2
제주특별자치도,2022-08-19,1
제주특별자치도,2022-08-20,3
제주특별자치도,2022-08-21,3
제주특별자치도,2022-08-22,1
제주특별자치도,2022-08-28,2
제주특별자치도,2022-08-30,1
제주특별자치도,2022-09-16,1
제주특별자치도,2022-09-17,1
제주특별자치도,2022-09-29,1
제주특별자치도,2023-05-20,1
제주특별자치도,2023-06-19,1
제주특별자치도,2023-07-01,1
제주특별자치도,2023-07-02,1
제주특별자치도,2023-07-10,2
제주특별자치도,2023-07-11,3
제주특별자치도,2023-07-12,2
제주특별자치도,2023-07-14,1
제주특별자치도,2023-07-15,1
제주특별자치도,2023-07-16,2
제주특별자치도,2023-07-26,5
제주특별자치도,2023-07-27,5
제주특별자치도,2023-07-28,2
제주특별자치도,2023-07-29,4
제주특별자치도,2023-07-30,1
제주특별자치도,2023-07-31,2
제주특별자치도,2023-08-01,6
제주특별자치도,2023-08-03,7
제주특별자치도,2023-08-04,2
제주특별자치도,2023-08-05,2
제주특별자치도,2023-08-06,4
제주특별자치도,2023-08-07,4
제주특별자치도,2023-08-08,4
제주특별자치도,2023-08-12,3
제주특별자치도,2023-08-13,2
제주특별자치도,2023-08-14,2
제주특별자치도,2023-08-15,2
제주특별자치도,2023-08-16,1
제주특별자치도,2023-08-17,2
제주특별자치도,2023-08-19,4
제주특별자치도,2023-08-21,1
제주특별자치도,2023-08-25,1
제주특별자치도,2023-08-26,1
제주특별자치도,2023-08-27,4
제주특별자치도,2023-08-28,1
제주특별자치도,2023-09-03,1
제주특별자치도,2023-09-04,1
제주특별자치도,2023-09-06,3
제주특별자치도,2023-09-07,1
제주특별자치도,2023-09-09,2
제주특별자치도,2023-09-10,2
제주특별자치도,2023-09-11,1
제주특별자치도,2024-05-23,1
제주특별자치도,2024-06-13,1
제주특별자치도,2024-06-15,1
제주특별자치도,2024-06-21,1
제주특별자치도,2024-06-26,1
제주특별자치도,2024-07-02,1
제주특별자치도,2024-07-03,8
제주특별자치도,2024-07-04,4
제주특별자치도,2024-07-05,1
제주특별자치도,2024-07-07,1
제주특별자치도,2024-07-08,1
제주특별자치도,2024-07-12,1
제주특별자치도,2024-07-16,1
제주특별자치도,2024-07-17,5
제주특별자치도,2024-07-18,1
제주특별자치도,2024-07-20,2
제주특별자치도,2024-07-21,3
제주특별자치도,2024-07-22,4
제주특별자치도,2024-07-23,2
제주특별자치도,2024-07-24,8
제주특별자치도,2024-07-25,3
제주특별자치도,2024-07-28,2
제주특별자치도,2024-07-29,3
제주특별자치도,2024-07-30,1
제주특별자치도,2024-07-31,4
제주특별자치도,2024-08-01,4
제주특별자치도,2024-08-02,1
제주특별자치도,2024-08-03,3
제주특별자치도,2024-08-04,1
제주특별자치도,2024-08-05,3
제주특별자치도,2024-08-06,3
제주특별자치도,2024-08-07,4
제주특별자치도,2024-08-08,3
제주특별자치도,2024-08-09,2
제주특별자치도,2024-08-10,3
제주특별자치도,2024-08-11,1
제주특별자치도,2024-08-12,1
제주특별자치도,2024-08-15,1
제주특별자치도,2024-08-16,1
제주특별자치도,2024-08-17,1
제주특별자치도,2024-08-18,2
제주특별자치도,2024-08-19,3
제주특별자치도,2024-08-21,2
제주특별자치도,2024-08-22,1
제주특별자치도,2024-08-25,2
제주특별자치도,2024-08-26,3
제주특별자치도,2024-08-31,3
제주특별자치도,2024-09-01,1
제주특별자치도,2024-09-05,2
제주특별자치도,2024-09-07,3
제주특별자치도,2024-09-08,4
제주특별자치도,2024-09-12,1
제주특별자치도,2024-09-15,1
제주특별자치도,2024-09-18,1
제주특별자치도,2024-09-28,1
제주특별자치도,2025-05-20,1
제주특별자치도,2025-05-25,1
제주특별자치도,2025-06-17,1
제주특별자치도,2025-06-18,1
제주특별자치도,2025-06-19,1
제주특별자치도,2025-06-23,1
제주특별자치도,2025-06-26,1
제주특별자치도,2025-06-27,1
제주특별자치도,2025-06-28,2
제주특별자치도,2025-06-29,2
제주특별자치도,2025-06-30,1
제주특별자치도,2025-07-01,1
제주특별자치도,2025-07-02,1
제주특별자치도,2025-07-03,1
제주특별자치도,2025-07-04,4
제주특별자치도,2025-07-05,1
제주특별자치도,2025-07-06,5
제주특별자치도,2025-07-08,1
제주특별자치도,2025-07-09,1
제주특별자치도,2025-07-15,1
제주특별자치도,2025-07-18,1
제주특별자치도,2025-07-19,1
제주특별자치도,2025-07-21,3
제주특별자치도,2025-07-22,3
제주특별자치도,2025-07-23,1
제주특별자치도,2025-07-24,2
제주특별자치도,2025-07-25,1
제주특별자치도,2025-07-26,1
제주특별자치도,2025-07-27,2
제주특별자치도,2025-07-28,1
제주특별자치도,2025-07-29,1
제주특별자치도,2025-07-30,1
제주특별자치도,2025-07-31,1
제주특별자치도,2025-08-01,9
제주특별자치도,2025-08-02,4
제주특별자치도,2025-08-05,1
제주특별자치도,2025-08-06,6
제주특별자치도,2025-08-07,3
제주특별자치도,2025-08-10,1
제주특별자치도,2025-08-12,1
제주특별자치도,2025-08-13,4
제주특별자치도,2025-08-14,2
제주특별자치도,2025-08-16,1
제주특별자치도,2025-08-17,1
제주특별자치도,2025-08-20,1
제주특별자치도,2025-08-21,1
제주특별자치도,2025-08-23,1
제주특별자치도,2025-08-24,1
제주특별자치도,2025-08-25,3
제주특별자치도,2025-08-26,1
제주특별자치도,2025-08-27,1
제주특별자치도,2025-08-28,1
제주특별자치도,2025-08-30,4
제주특별자치도,2025-08-31,1
제주특별자치도,2025-09-04,1
제주특별자치도,2025-09-06,1
제주특별자치도,2025-09-07,3
제주특별자치도,2025-09-08,1
제주특별자치도,2025-09-15,1
제주특별자치도,2025-09-16,2
제주특별자치도,2025-09-17,1
제주특별자치도,2025-09-24,1
충청남도,2020-05-23,1
충청남도,2020-05-28,1
충청남도,2020-06-08,4
충청남도,2020-06-09,5
충청남도,2020-06-10,1
충청남도,2020-06-11,1
충청남도,2020-06-13,1
충청남도,2020-06-19,1
충청남도,2020-06-21,1
충청남도,2020-06-22,3
충청남도,2020-06-23,1
충청남도,2020-06-27,1
충청남도,2020-07-08,2
충청남도,2020-07-10,1
충청남도,2020-07-16,1
충청남도,2020-07-17,3
충청남도,2020-07-18,1
충청남도,2020-08-01,1
충청남도,2020-08-04,1
충청남도,2020-08-14,1
충청남도,2020-08-15,2
충청남도,2020-08-17,3
충청남도,2020-08-18,2
충청남도,2020-08-19,2
충청남도,2020-08-20,3
충청남도,2020-08-21,5
충청남도,2020-08-23,3
충청남도,2020-08-24,1
충청남도,2020-08-25,6
충청남도,2021-05-24,1
충청남도,2021-06-02,1
충청남도,2021-06-08,1
충청남도,2021-06-09,5
충청남도,2021-06-11,1
충청남도,2021-06-13,1
충청남도,2021-06-15,1
충청남도,2021-06-22,1
충청남도,2021-06-28,1
충청남도,2021-06-30,1
충청남도,2021-07-01,1
충청남도,2021-07-02,2
충청남도,2021-07-12,4
충청남도,2021-07-14,2
충청남도,2021-07-15,6
충청남도,2021-07-16,3
충청남도,2021-07-17,1
충청남도,2021-07-18,1
충청남도,2021-07-19,4
충청남도,2021-07-20,1
충청남도,2021-07-21,3
충청남도,2021-07-22,2
충청남도,2021-07-23,3
충청남도,2021-07-24,3
충청남도,2021-07-26,1
충청남도,2021-07-27,4
충청남도,2021-07-28,6
충청남도,2021-07-29,3
충청남도,2021-07-30,2
충청남도,2021-07-31,2
충청남도,2021-08-04,2
충청남도,2021-08-05,2
충청남도,2021-08-06,1
충청남도,2021-08-07,1
충청남도,2021-08-08,1
충청남도,2021-08-11,3
충청남도,2021-08-12,2
충청남도,2021-08-15,1
충청남도,2021-08-16,1
충청남도,2021-09-11,1
충청남도,2022-05-20,1
충청남도,2022-05-31,1
충청남도,2022-06-04,1
충청남도,2022-06-09,1
충청남도,2022-06-14,1
충청남도,2022-06-20,1
충청남도,2022-06-22,3
충청남도,2022-06-23,1
충청남도,2022-06-24,1
충청남도,2022-06-28,1
충청남도,2022-07-01,5
충청남도,2022-07-02,9
충청남도,2022-07-03,3
충청남도,2022-07-04,6
충청남도,2022-07-05,6
충청남도,2022-07-06,13
충청남도,2022-07-07,6
충청남도,2022-07-08,1
충청남도,2022-07-09,2
충청남도,2022-07-10,3
충청남도,2022-07-12,3
충청남도,2022-07-19,2
충청남도,2022-07-20,5
충청남도,2022-07-22,2
충청남도,2022-07-25,4
충청남도,2022-07-26,7
충청남도,2022-07-28,1
충청남도,2022-07-29,6
충청남도,2022-07-30,5
충청남도,2022-08-01,2
충청남도,2022-08-03,1
충청남도,2022-08-04,4
충청남도,2022-08-05,3
충청남도,2022-08-06,4
충청남도,2022-08-07,4
충청남도,2022-08-10,1
충청남도,2022-08-12,2
충청남도,2022-08-16,1
충청남도,2022-08-17,1
충청남도,2022-08-20,1
충청남도,2022-08-21,3
충청남도,2022-08-28,1
충청남도,2022-09-01,1
충청남도,2022-09-08,1
충청남도,2022-09-17,1
충청남도,2022-09-18,3
충청남도,2023-05-20,1
충청남도,2023-06-10,1
충청남도,2023-06-13,2
충청남도,2023-06-18,2
충청남도,2023-06-19,3
충청남도,2023-06-29,1
충청남도,2023-07-01,7
충청남도,2023-07-03,4
충청남도,2023-07-05,2
충청남도,2023-07-06,3
충청남도,2023-07-09,1
충청남도,2023-07-10,1
충청남도,2023-07-12,1
충청남도,2023-07-19,10
충청남도,2023-07-20,4
충청남도,2023-07-21,9
충청남도,2023-07-24,1
충청남도,2023-07-26,4
충청남도,2023-07-27,9
충청남도,2023-07-28,5
충청남도,2023-07-29,4
충청남도,2023-07-30,3
충청남도,2023-07-31,8
충청남도,2023-08-01,11
충청남도,2023-08-02,10
충청남도,2023-08-03,8
충청남도,2023-08-04,7
충청남도,2023-08-05,5
충청남도,2023-08-06,11
충청남도,2023-08-07,9
충청남도,2023-08-08,8
충청남도,2023-08-09,2
충청남도,2023-08-11,1
충청남도,2023-08-13,4
충청남도,2023-08-14,5
충청남도,2023-08-15,7
충청남도,2023-08-17,1
충청남도,2023-08-18,4
충청남도,2023-08-19,4
충청남도,2023-08-20,3
충청남도,2023-08-21,1
충청남도,2023-08-22,2
충청남도,2023-08-25,1
충청남도,2023-08-27,2
충청남도,2023-09-01,1
충청남도,2023-09-02,2
충청남도,2023-09-03,5
충청남도,2023-09-06,1
충청남도,2023-09-09,1
충청남도,2023-09-17,3
충청남도,2024-06-04,1
충청남도,2024-06-07,1
충청남도,2024-06-11,1
충청남도,2024-06-13,1
충청남도,2024-06-18,1
충청남도,2024-06-19,5
충청남도,2024-06-20,2
충청남도,2024-06-21,2
충청남도,2024-06-24,2
충청남도,2024-06-27,1
충청남도,2024-06-28,3
충청남도,2024-07-01,1
충청남도,2024-07-04,1
충청남도,2024-07-06,2
충청남도,2024-07-10,2
충청남도,2024-07-13,4
충청남도,2024-07-14,2
충청남도,2024-07-15,2
충청남도,2024-07-19,1
충청남도,2024-07-24,3
충청남도,2024-07-25,10
충청남도,2024-07-26,1
충청남도,2024-07-27,5
충청남도,2024-07-29,1
충청남도,2024-07-31,6
충청남도,2024-08-01,4
충청남도,2024-08-02,2
충청남도,2024-08-03,13
충청남도,2024-08-04,8
충청남도,2024-08-05,6
충청남도,2024-08-06,6
충청남도,2024-08-07,14
충청남도,2024-08-08,3
충청남도,2024-08-09,4
충청남도,2024-08-10,2
충청남도,2024-08-11,10
충청남도,2024-08-12,12
충청남도,2024-08-13,13
충청남도,2024-08-14,4
충청남도,2024-08-15,7
충청남도,2024-08-16,5
충청남도,2024-08-17,3
충청남도,2024-08-18,4
충청남도,2024-08-19,8
충청남도,2024-08-20,10
충청남도,2024-08-21,2
충청남도,2024-08-22,2
충청남도,2024-08-23,2
충청남도,2024-08-24,1
충청남도,2024-08-26,1
충청남도,2024-08-28,3
충청남도,2024-08-29,2
충청남도,2024-08-31,2
충청남도,2024-09-01,1
충청남도,2024-09-03,3
충청남도,2024-09-04,2
충청남도,2024-09-05,1
충청남도,2024-09-08,4
충청남도,2024-09-09,2
충청남도,2024-09-10,3
충청남도,2024-09-11,3
충청남도,2024-09-15,3
충청남도,2024-09-16,1
충청남도,2024-09-18,2
충청남도,2024-09-19,2
충청남도,2024-09-20,1
충청남도,2024-09-22,1
충청남도,2024-09-24,1
충청남도,2025-05-21,1
충청남도,2025-06-07,2
충청남도,2025-06-08,1
충청남도,2025-06-12,1
충청남도,2025-06-16,1
충청남도,2025-06-18,1
충청남도,2025-06-19,2
충청남도,2025-06-22,1
충청남도,2025-06-27,2
충청남도,2025-06-28,3
충청남도,2025-06-29,5
충청남도,2025-06-30,2
충청남도,2025-07-01,2
충청남도,2025-07-02,3
충청남도,2025-07-03,1
충청남도,2025-07-04,2
충청남도,2025-07-05,3
충청남도,2025-07-06,1
충청남도,2025-07-07,5
충청남도,2025-07-08,13
충청남도,2025-07-09,8
충청남도,2025-07-10,1
충청남도,2025-07-11,3
충청남도,2025-07-12,2
충청남도,2025-07-20,6
충청남도,2025-07-21,5
충청남도,2025-07-22,12
충청남도,2025-07-23,3
충청남도,2025-07-24,4
충청남도,2025-07-25,6
충청남도,2025-07-26,4
충청남도,2025-07-27,6
충청남도,2025-07-28,14
충청남도,2025-07-29,9
충청남도,2025-07-30,9
충청남도,2025-07-31,3
충청남도,2025-08-01,9
충청남도,2025-08-02,5
충청남도,2025-08-03,6
충청남도,2025-08-04,1
충청남도,2025-08-05,4
충청남도,2025-08-06,2
충청남도,2025-08-07,3
충청남도,2025-08-14,1
충청남도,2025-08-15,3
충청남도,2025-08-16,1
충청남도,2025-08-17,1
충청남도,2025-08-18,3
충청남도,2025-08-19,3
충청남도,2025-08-21,4
충청남도,2025-08-22,6
충청남도,2025-08-23,5
충청남도,2025-08-24,3
충청남도,2025-08-25,3
충청남도,2025-08-29,3
충청남도,2025-08-30,3
충청남도,2025-08-31,4
충청남도,2025-09-03,2
충청남도,2025-09-04,2
충청남도,2025-09-05,2
충청남도,2025-09-06,1
충청북도,2020-05-30,1
충청북도,2020-05-31,2
충청북도,2020-06-04,1
충청북도,2020-06-08,1
충청북도,2020-06-09,1
충청북도,2020-06-13,1
충청북도,2020-06-14,1
충청북도,2020-06-16,1
충청북도,2020-06-20,1
충청북도,2020-06-22,4
충청북도,2020-06-23,3
충청북도,2020-06-28,1
충청북도,2020-07-11,1
충청북도,2020-07-16,1
충청북도,2020-07-17,1
충청북도,2020-07-21,1
충청북도,2020-08-04,2
충청북도,2020-08-05,1
충청북도,2020-08-12,1
충청북도,2020-08-13,2
충청북도,2020-08-15,4
충청북도,2020-08-17,1
충청북도,2020-08-18,1
충청북도,2020-08-19,2
충청북도,2020-08-20,2
충청북도,2020-08-21,3
충청북도,2020-08-23,2
충청북도,2020-08-24,2
충청북도,2020-08-25,4
충청북도,2020-08-26,3
충청북도,2020-08-29,1
충청북도,2020-09-01,1
충청북도,2021-05-22,1
충청북도,2021-06-25,1
충청북도,2021-07-01,1
충청북도,2021-07-12,2
충청북도,2021-07-13,4
충청북도,2021-07-14,3
충청북도,2021-07-15,2
충청북도,2021-07-18,2
충청북도,2021-07-19,1
충청북도,2021-07-20,1
충청북도,2021-07-21,3
충청북도,2021-07-22,2
충청북도,2021-07-25,5
충청북도,2021-07-26,3
충청북도,2021-07-27,3
충청북도,2021-07-28,1
충청북도,2021-07-29,2
충청북도,2021-07-30,2
충청북도,2021-07-31,1
충청북도,2021-08-01,1
충청북도,2021-08-03,3
충청북도,2021-08-05,1
충청북도,2021-08-06,3
충청북도,2021-08-08,1
충청북도,2021-08-10,1
충청북도,2021-08-11,1
충청북도,2021-08-12,2
충청북도,2021-08-18,1
충청북도,2022-05-21,1
충청북도,2022-06-01,1
충청북도,2022-06-17,1
충청북도,2022-06-18,1
충청북도,2022-06-20,1
충청북도,2022-06-21,1
충청북도,2022-06-22,2
충청북도,2022-06-25,1
충청북도,2022-06-28,1
충청북도,2022-07-01,3
충청북도,2022-07-02,3
충청북도,2022-07-03,2
충청북도,2022-07-04,3
충청북도,2022-07-05,1
충청북도,2022-07-06,2
충청북도,2022-07-07,1
충청북도,2022-07-09,1
충청북도,2022-07-10,1
충청북도,2022-07-20,2
충청북도,2022-07-25,1
충청북도,2022-07-26,1
충청북도,2022-07-29,2
충청북도,2022-08-02,2
충청북도,2022-08-05,2
충청북도,2022-08-06,2
충청북도,2022-08-10,1
충청북도,2022-08-15,2
충청북도,2022-08-20,2
충청북도,2022-08-21,1
충청북도,2022-08-22,1
충청북도,2022-08-25,1
충청북도,2022-09-08,1
충청북도,2022-09-17,1
충청북도,2023-05-25,1
충청북도,2023-06-17,2
충청북도,2023-06-18,1
충청북도,2023-06-19,1
충청북도,2023-06-25,2
충청북도,2023-06-26,1
충청북도,2023-06-28,1
충청북도,2023-06-30,1
충청북도,2023-07-01,2
충청북도,2023-07-02,2
충청북도,2023-07-03,3
충청북도,2023-07-04,2
충청북도,2023-07-06,2
충청북도,2023-07-12,2
충청북도,2023-07-18,1
충청북도,2023-07-19,1
충청북도,2023-07-20,2
충청북도,2023-07-21,8
충청북도,2023-07-22,1
충청북도,2023-07-26,1
충청북도,2023-07-27,5
충청북도,2023-07-28,11
충청북도,2023-07-29,5
충청북도,2023-07-30,5
충청북도,2023-08-01,6
충청북도,2023-08-02,9
충청북도,2023-08-03,6
충청북도,2023-08-04,5
충청북도,2023-08-05,11
충청북도,2023-08-06,6
충청북도,2023-08-07,6
충청북도,2023-08-08,4
충청북도,2023-08-09,3
충청북도,2023-08-11,1
충청북도,2023-08-12,1
충청북도,2023-08-13,1
충청북도,2023-08-14,6
충청북도,2023-08-15,3
충청북도,2023-08-16,1
충청북도,2023-08-17,2
충청북도,2023-08-18,2
충청북도,2023-08-19,1
충청북도,2023-08-20,2
충청북도,2023-08-21,1
충청북도,2023-08-22,1
충청북도,2023-08-24,1
충청북도,2023-08-25,1
충청북도,2023-09-03,1
충청북도,2023-09-04,2
충청북도,2023-09-09,2
충청북도,2023-09-12,1
충청북도,2023-09-16,2
충청북도,2024-05-22,2
충청북도,2024-05-31,1
충청북도,2024-06-05,1
충청북도,2024-06-06,1
충청북도,2024-06-07,1
충청북도,2024-06-11,3
충청북도,2024-06-12,1
충청북도,2024-06-13,1
충청북도,2024-06-14,1
충청북도,2024-06-15,2
충청북도,2024-06-16,1
충청북도,2024-06-17,2
충청북도,2024-06-18,1
충청북도,2024-06-19,4
충청북도,2024-06-21,2
충청북도,2024-06-24,3
충청북도,2024-06-27,1
충청북도,2024-07-04,1
충청북도,2024-07-05,1
충청북도,2024-07-13,2
충청북도,2024-07-15,1
충청북도,2024-07-19,1
충청북도,2024-07-23,1
충청북도,2024-07-24,4
충청북도,2024-07-25,2
충청북도,2024-07-26,3
충청북도,2024-07-27,2
충청북도,2024-07-28,5
충청북도,2024-07-29,2
충청북도,2024-07-31,5
충청북도,2024-08-01,13
충청북도,2024-08-02,3
충청북도,2024-08-03,10
충청북도,2024-08-04,4
충청북도,2024-08-05,7
충청북도,2024-08-06,4
충청북도,2024-08-07,4
충청북도,2024-08-08,3
충청북도,2024-08-09,7
충청북도,2024-08-10,11
충청북도,2024-08-11,5
충청북도,2024-08-12,5
충청북도,2024-08-13,5
충청북도,2024-08-14,9
충청북도,2024-08-15,1
충청북도,2024-08-16,1
충청북도,2024-08-17,3
충청북도,2024-08-18,1
충청북도,2024-08-19,2
충청북도,2024-08-20,4
충청북도,2024-08-21,4
충청북도,2024-08-22,1
충청북도,2024-08-23,1
충청북도,2024-08-24,2
충청북도,2024-08-25,3
충청북도,2024-08-29,2
충청북도,2024-08-31,3
충청북도,2024-09-01,2
충청북도,2024-09-03,1
충청북도,2024-09-07,2
충청북도,2024-09-09,1
충청북도,2024-09-10,1
충청북도,2024-09-11,6
충청북도,2024-09-12,1
충청북도,2024-09-13,2
충청북도,2024-09-15,1
충청북도,2024-09-19,1
충청북도,2024-09-20,1
충청북도,2024-09-29,1
충청북도,2025-05-20,3
충청북도,2025-05-29,1
충청북도,2025-06-01,1
충청북도,2025-06-07,1
충청북도,2025-06-08,1
충청북도,2025-06-09,1
충청북도,2025-06-13,1
충청북도,2025-06-15,1
충청북도,2025-06-17,1
충청북도,2025-06-18,1
충청북도,2025-06-19,1
충청북도,2025-06-22,1
충청북도,2025-06-23,3
충청북도,2025-06-24,1
충청북도,2025-06-25,1
충청북도,2025-06-28,1
충청북도,2025-06-29,3
충청북도,2025-06-30,3
충청북도,2025-07-01,3
충청북도,2025-07-02,6
충청북도,2025-07-03,1
충청북도,2025-07-04,1
충청북도,2025-07-05,6
충청북도,2025-07-06,3
충청북도,2025-07-07,6
충청북도,2025-07-08,8
충청북도,2025-07-09,4
충청북도,2025-07-10,1
충청북도,2025-07-12,2
충청북도,2025-07-13,3
충청북도,2025-07-20,4
충청북도,2025-07-21,2
충청북도,2025-07-22,6
충청북도,2025-07-23,6
충청북도,2025-07-24,14
충청북도,2025-07-25,6
충청북도,2025-07-26,6
충청북도,2025-07-27,9
충청북도,2025-07-28,4
충청북도,2025-07-29,13
충청북도,2025-07-30,8
충청북도,2025-07-31,2
충청북도,2025-08-01,6
충청북도,2025-08-02,6
충청북도,2025-08-04,2
충청북도,2025-08-05,1
충청북도,2025-08-07,2
충청북도,2025-08-08,1
충청북도,2025-08-10,1
충청북도,2025-08-15,1
충청북도,2025-08-16,7
충청북도,2025-08-17,2
충청북도,2025-08-18,1
충청북도,2025-08-19,1
충청북도,2025-08-20,8
충청북도,2025-08-21,2
충청북도,2025-08-22,2
충청북도,2025-08-24,10
충청북도,2025-08-25,3
충청북도,2025-08-29,2
충청북도,2025-08-30,4
충청북도,2025-08-31,1
충청북도,2025-09-05,2
