일시,전국평균최고,전국최고,일자,온열질환
2024-05-01,19.42577319587629,24.0,,0.0
2024-05-02,22.825773195876288,26.4,,0.0
2024-05-03,25.918556701030926,31.7,,0.0
2024-05-04,26.530927835051546,31.2,,0.0
2024-05-05,19.75360824742268,25.9,,0.0
2024-05-06,19.31958762886598,26.7,,0.0
2024-05-07,16.916494845360827,23.5,,0.0
2024-05-08,18.959793814432988,22.4,,0.0
2024-05-09,22.560824742268043,26.8,,0.0
2024-05-10,25.201030927835053,29.9,,0.0
2024-05-11,23.757731958762886,27.9,,0.0
2024-05-12,22.20721649484536,25.6,,0.0
2024-05-13,24.09278350515464,26.8,,0.0
2024-05-14,25.46701030927835,29.2,,0.0
2024-05-15,23.1340206185567,28.3,,0.0
2024-05-16,20.484375,24.5,,0.0
2024-05-17,24.984375,28.7,,0.0
2024-05-18,27.023958333333336,32.0,,0.0
2024-05-19,28.45625,31.6,,0.0
2024-05-20,25.730208333333334,31.8,,0.0
2024-05-21,24.616666666666664,29.5,2024-05-21,2.0
2024-05-22,26.537499999999998,30.7,2024-05-22,7.0
2024-05-23,28.50208333333333,33.4,2024-05-23,7.0
2024-05-24,25.915625000000002,32.5,2024-05-24,10.0
2024-05-25,23.620833333333334,27.4,2024-05-25,5.0
2024-05-26,24.72083333333333,29.4,2024-05-26,1.0
2024-05-27,23.559375,27.6,,0.0
2024-05-28,24.052083333333332,27.1,2024-05-28,2.0
2024-05-29,26.946875000000002,30.8,2024-05-29,4.0
2024-05-30,25.25257731958763,28.7,,0.0
2024-05-31,26.175257731958762,30.9,2024-05-31,4.0
2024-06-01,24.557731958762886,29.6,2024-06-01,1.0
2024-06-02,24.960824742268038,29.6,2024-06-02,1.0
2024-06-03,25.421649484536083,29.5,,0.0
2024-06-04,26.077319587628867,29.4,2024-06-04,4.0
2024-06-05,27.20824742268041,32.3,2024-06-05,4.0
2024-06-06,26.63917525773196,31.9,2024-06-06,5.0
2024-06-07,27.221649484536083,31.1,2024-06-07,6.0
2024-06-08,22.662886597938147,26.3,,0.0
2024-06-09,27.589690721649482,30.7,2024-06-09,10.0
2024-06-10,30.03298969072165,34.2,2024-06-10,10.0
2024-06-11,30.6319587628866,36.0,2024-06-11,25.0
2024-06-12,31.447422680412373,35.9,2024-06-12,24.0
2024-06-13,32.13917525773196,36.9,2024-06-13,27.0
2024-06-14,31.38144329896907,35.2,2024-06-14,23.0
2024-06-15,29.49278350515464,34.9,2024-06-15,24.0
2024-06-16,29.314432989690722,33.1,2024-06-16,6.0
2024-06-17,28.283505154639176,34.1,2024-06-17,4.0
2024-06-18,32.511340206185565,36.3,2024-06-18,13.0
2024-06-19,33.988659793814435,37.7,2024-06-19,40.0
2024-06-20,28.56494845360825,36.1,2024-06-20,16.0
2024-06-21,30.539175257731962,35.6,2024-06-21,24.0
2024-06-22,24.540206185567012,29.4,2024-06-22,3.0
2024-06-23,27.92989690721649,31.4,2024-06-23,7.0
2024-06-24,28.781443298969073,33.3,2024-06-24,18.0
2024-06-25,27.396907216494846,30.7,2024-06-25,2.0
2024-06-26,29.028865979381447,32.1,2024-06-26,13.0
2024-06-27,26.29484536082474,31.6,2024-06-27,4.0
2024-06-28,30.490721649484534,34.1,2024-06-28,13.0
2024-06-29,28.336082474226803,34.3,2024-06-29,8.0
2024-06-30,26.673195876288663,31.9,2024-06-30,4.0
2024-07-01,30.184536082474228,33.9,2024-07-01,9.0
2024-07-02,26.397938144329895,33.2,2024-07-02,5.0
2024-07-03,29.296907216494848,33.9,2024-07-03,19.0
2024-07-04,31.362886597938143,35.1,2024-07-04,32.0
2024-07-05,29.814432989690722,34.4,2024-07-05,11.0
2024-07-06,30.377319587628865,34.8,2024-07-06,12.0
2024-07-07,28.72783505154639,34.5,2024-07-07,9.0
2024-07-08,26.73229166666667,35.1,2024-07-08,8.0
2024-07-09,26.567010309278352,34.1,2024-07-09,2.0
2024-07-10,28.079381443298967,32.2,2024-07-10,7.0
2024-07-11,27.789690721649485,32.1,2024-07-11,11.0
2024-07-12,29.955670103092782,33.6,2024-07-12,17.0
2024-07-13,29.530927835051546,33.9,2024-07-13,21.0
2024-07-14,27.249484536082473,32.7,2024-07-14,14.0
2024-07-15,28.595876288659795,32.8,2024-07-15,19.0
2024-07-16,27.717525773195874,33.3,2024-07-16,3.0
2024-07-17,29.544329896907218,35.2,2024-07-17,13.0
2024-07-18,28.012371134020615,34.2,2024-07-18,7.0
2024-07-19,29.456701030927835,34.2,2024-07-19,8.0
2024-07-20,30.581443298969074,35.5,2024-07-20,12.0
2024-07-21,31.624742268041235,35.1,2024-07-21,17.0
2024-07-22,31.3680412371134,34.9,2024-07-22,42.0
2024-07-23,30.37216494845361,34.1,2024-07-23,31.0
2024-07-24,31.742268041237114,34.7,2024-07-24,62.0
2024-07-25,33.10412371134021,36.0,2024-07-25,99.0
2024-07-26,32.00515463917526,35.7,2024-07-26,35.0
2024-07-27,32.0298969072165,35.0,2024-07-27,51.0
2024-07-28,33.02371134020619,36.6,2024-07-28,50.0
2024-07-29,32.062886597938146,36.5,2024-07-29,52.0
2024-07-30,32.58659793814433,37.7,2024-07-30,51.0
2024-07-31,33.628865979381445,37.5,2024-07-31,97.0
2024-08-01,33.485567010309275,37.0,2024-08-01,117.0
2024-08-02,34.01546391752577,38.9,2024-08-02,85.0
2024-08-03,34.89278350515464,39.3,2024-08-03,183.0
2024-08-04,34.56666666666667,37.3,2024-08-04,120.0
2024-08-05,33.72291666666667,36.7,2024-08-05,124.0
2024-08-06,33.294845360824745,37.4,2024-08-06,93.0
2024-08-07,33.904123711340205,38.4,2024-08-07,93.0
2024-08-08,32.396907216494846,37.6,2024-08-08,73.0
2024-08-09,33.577319587628864,36.5,2024-08-09,78.0
2024-08-10,33.49484536082474,36.2,2024-08-10,79.0
2024-08-11,33.5,37.0,2024-08-11,59.0
2024-08-12,33.94329896907217,36.7,2024-08-12,117.0
2024-08-13,33.84639175257732,37.0,2024-08-13,101.0
2024-08-14,33.751546391752576,36.7,2024-08-14,79.0
2024-08-15,33.52268041237113,36.5,2024-08-15,64.0
2024-08-16,33.10927835051546,35.9,2024-08-16,54.0
2024-08-17,33.4319587628866,36.5,2024-08-17,53.0
2024-08-18,33.327835051546394,37.2,2024-08-18,45.0
2024-08-19,33.87216494845361,37.2,2024-08-19,75.0
2024-08-20,33.1659793814433,36.4,2024-08-20,105.0
2024-08-21,31.114583333333332,35.0,2024-08-21,30.0
2024-08-22,32.14329896907216,38.5,2024-08-22,39.0
2024-08-23,32.715624999999996,36.4,2024-08-23,34.0
2024-08-24,33.02577319587629,36.9,2024-08-24,48.0
2024-08-25,32.80103092783505,35.9,2024-08-25,43.0
2024-08-26,31.943298969072163,35.4,2024-08-26,31.0
2024-08-27,29.891752577319586,35.6,2024-08-27,7.0
2024-08-28,30.983505154639175,35.5,2024-08-28,14.0
2024-08-29,31.831958762886597,36.3,2024-08-29,19.0
2024-08-30,32.72783505154639,35.7,2024-08-30,19.0
2024-08-31,31.730927835051546,35.7,2024-08-31,33.0
2024-09-01,31.713402061855668,35.4,2024-09-01,17.0
2024-09-02,29.284536082474226,33.7,2024-09-02,2.0
2024-09-03,29.896907216494846,33.1,2024-09-03,10.0
2024-09-04,31.171134020618556,34.4,2024-09-04,14.0
2024-09-05,31.803092783505157,35.3,2024-09-05,12.0
2024-09-06,28.40824742268041,33.7,2024-09-06,6.0
2024-09-07,29.964948453608248,33.5,2024-09-07,13.0
2024-09-08,31.693814432989694,35.1,2024-09-08,29.0
2024-09-09,32.511340206185565,35.2,2024-09-09,37.0
2024-09-10,33.937113402061854,37.1,2024-09-10,50.0
2024-09-11,32.29278350515464,36.1,2024-09-11,23.0
2024-09-12,29.811340206185566,35.1,2024-09-12,17.0
2024-09-13,31.919587628865976,35.9,2024-09-13,20.0
2024-09-14,32.42164948453608,36.5,2024-09-14,14.0
2024-09-15,31.4020618556701,36.3,2024-09-15,13.0
2024-09-16,29.85979381443299,34.1,2024-09-16,3.0
2024-09-17,33.69072164948454,37.2,2024-09-17,14.0
2024-09-18,33.30515463917526,37.2,2024-09-18,17.0
2024-09-19,33.04020618556701,37.7,2024-09-19,38.0
2024-09-20,28.29484536082474,32.1,2024-09-20,10.0
2024-09-21,24.804123711340207,30.1,2024-09-21,2.0
2024-09-22,24.310309278350516,28.8,2024-09-22,2.0
2024-09-23,24.896907216494846,28.6,,0.0
2024-09-24,26.16082474226804,30.0,2024-09-24,1.0
2024-09-25,27.882474226804124,31.5,2024-09-25,1.0
2024-09-26,28.495876288659794,31.2,2024-09-26,4.0
2024-09-27,28.050515463917527,31.6,2024-09-27,4.0
2024-09-28,27.297938144329898,31.7,2024-09-28,3.0
2024-09-29,27.110309278350513,30.4,2024-09-29,6.0
2024-09-30,27.583505154639173,30.2,2024-09-30,1.0
2025-05-01,20.90721649484536,25.0,,0.0
2025-05-02,19.393814432989693,23.8,,0.0
2025-05-03,14.917525773195877,24.9,,0.0
2025-05-04,20.997938144329897,24.3,,0.0
2025-05-05,17.34845360824742,22.5,,0.0
2025-05-06,16.32783505154639,21.2,,0.0
2025-05-07,20.834374999999998,23.7,,0.0
2025-05-08,23.41443298969072,26.5,,0.0
2025-05-09,16.84536082474227,23.1,,0.0
2025-05-10,16.454639175257732,21.5,,0.0
2025-05-11,20.204123711340205,23.4,,0.0
2025-05-12,23.885416666666668,27.5,,0.0
2025-05-13,25.952083333333334,30.5,,0.0
2025-05-14,25.948453608247423,30.3,,0.0
2025-05-15,22.88659793814433,29.1,,0.0
2025-05-16,22.637113402061857,29.3,,0.0
2025-05-17,24.961855670103095,29.9,2025-05-17,14.0
2025-05-18,22.30103092783505,26.4,2025-05-18,1.0
2025-05-19,23.760416666666668,30.1,,0.0
2025-05-20,28.272916666666664,33.7,2025-05-20,8.0
2025-05-21,27.710309278350515,33.4,2025-05-21,21.0
2025-05-22,23.670103092783506,30.5,2025-05-22,2.0
2025-05-23,21.405154639175258,25.3,2025-05-23,1.0
2025-05-24,17.557731958762886,23.8,,0.0
2025-05-25,22.61958762886598,26.3,2025-05-25,3.0
2025-05-26,24.900000000000002,28.3,2025-05-26,1.0
2025-05-27,25.54639175257732,29.7,2025-05-27,2.0
2025-05-28,26.14270833333333,30.3,2025-05-28,3.0
2025-05-29,25.85473684210526,29.4,2025-05-29,5.0
2025-05-30,25.010309278350515,28.3,,0.0
2025-05-31,25.50103092783505,29.8,2025-05-31,2.0
2025-06-01,27.52577319587629,31.7,2025-06-01,3.0
2025-06-02,21.822680412371135,25.5,2025-06-02,1.0
2025-06-03,25.470103092783503,29.8,2025-06-03,3.0
2025-06-04,26.78041237113402,30.4,2025-06-04,1.0
2025-06-05,27.598958333333332,31.1,2025-06-05,5.0
2025-06-06,28.390625,34.5,2025-06-06,5.0
2025-06-07,29.07604166666667,34.1,2025-06-07,11.0
2025-06-08,29.101030927835055,33.1,2025-06-08,13.0
2025-06-09,29.33298969072165,33.4,2025-06-09,7.0
2025-06-10,28.62061855670103,34.3,2025-06-10,7.0
2025-06-11,29.222680412371133,33.4,2025-06-11,6.0
2025-06-12,28.959793814432988,33.3,2025-06-12,13.0
2025-06-13,25.145360824742266,31.6,2025-06-13,2.0
2025-06-14,27.854639175257734,33.2,2025-06-14,14.0
2025-06-15,29.610309278350513,33.6,2025-06-15,37.0
2025-06-16,26.975257731958763,31.0,2025-06-16,1.0
2025-06-17,28.64020618556701,33.0,2025-06-17,9.0
2025-06-18,30.008247422680416,33.5,2025-06-18,25.0
2025-06-19,31.058762886597936,35.8,2025-06-19,24.0
2025-06-20,26.79278350515464,31.1,2025-06-20,3.0
2025-06-21,24.870103092783506,31.9,2025-06-21,3.0
2025-06-22,27.763917525773195,33.3,2025-06-22,9.0
2025-06-23,30.27216494845361,32.9,2025-06-23,20.0
2025-06-24,24.876288659793815,28.8,2025-06-24,6.0
2025-06-25,24.778350515463917,29.3,2025-06-25,3.0
2025-06-26,27.375257731958765,33.0,2025-06-26,6.0
2025-06-27,30.23298969072165,34.7,2025-06-27,24.0
2025-06-28,30.905154639175258,36.9,2025-06-28,52.0
2025-06-29,32.07938144329897,37.5,2025-06-29,50.0
2025-06-30,32.58659793814433,36.8,2025-06-30,53.0
2025-07-01,32.74536082474227,36.7,2025-07-01,64.0
2025-07-02,33.20618556701031,38.3,2025-07-02,114.0
2025-07-03,32.78144329896907,37.8,2025-07-03,65.0
2025-07-04,31.214432989690724,36.7,2025-07-04,45.0
2025-07-05,32.66494845360825,37.3,2025-07-05,59.0
2025-07-06,33.06907216494845,38.7,2025-07-06,68.0
2025-07-07,34.41443298969072,39.2,2025-07-07,105.0
2025-07-08,33.95876288659794,37.8,2025-07-08,259.0
2025-07-09,33.88453608247423,37.8,2025-07-09,119.0
2025-07-10,33.08556701030928,36.5,2025-07-10,85.0
2025-07-11,32.623711340206185,36.2,2025-07-11,50.0
2025-07-12,32.521649484536084,37.2,2025-07-12,43.0
2025-07-13,29.78041237113402,35.9,2025-07-13,18.0
2025-07-14,28.468041237113404,33.6,2025-07-14,13.0
2025-07-15,26.786597938144332,31.2,2025-07-15,7.0
2025-07-16,25.554639175257734,30.9,2025-07-16,3.0
2025-07-17,26.036082474226806,34.0,2025-07-17,5.0
2025-07-18,28.876288659793815,33.4,2025-07-18,4.0
2025-07-19,27.04375,33.1,2025-07-19,10.0
2025-07-20,31.223958333333332,34.2,2025-07-20,46.0
2025-07-21,31.67938144329897,35.3,2025-07-21,71.0
2025-07-22,32.75051546391753,36.2,2025-07-22,147.0
2025-07-23,33.26494845360825,36.3,2025-07-23,114.0
2025-07-24,33.909278350515464,36.8,2025-07-24,126.0
2025-07-25,34.220618556701034,37.9,2025-07-25,116.0
2025-07-26,34.32886597938145,37.4,2025-07-26,132.0
2025-07-27,34.69381443298969,38.3,2025-07-27,107.0
2025-07-28,34.93814432989691,38.3,2025-07-28,167.0
2025-07-29,34.64791666666667,38.7,2025-07-29,138.0
2025-07-30,33.94432989690721,38.0,2025-07-30,114.0
2025-07-31,33.81237113402062,36.8,2025-07-31,63.0
2025-08-01,34.69896907216495,38.6,2025-08-01,104.0
2025-08-02,34.7680412371134,38.7,2025-08-02,110.0
2025-08-03,31.102061855670105,34.5,2025-08-03,38.0
2025-08-04,31.394845360824743,34.9,2025-08-04,30.0
2025-08-05,32.437113402061854,35.9,2025-08-05,62.0
2025-08-06,30.238144329896905,34.7,2025-08-06,21.0
2025-08-07,31.447422680412373,34.8,2025-08-07,39.0
2025-08-08,30.651546391752575,34.6,2025-08-08,16.0
2025-08-09,26.851546391752578,30.8,2025-08-09,8.0
2025-08-10,30.09278350515464,33.6,2025-08-10,11.0
2025-08-11,27.85979381443299,32.1,2025-08-11,1.0
2025-08-12,27.390721649484536,34.1,2025-08-12,14.0
2025-08-13,30.25463917525773,33.4,2025-08-13,23.0
2025-08-14,31.442268041237114,35.8,2025-08-14,65.0
2025-08-15,32.76082474226804,36.4,2025-08-15,79.0
2025-08-16,33.03814432989691,36.9,2025-08-16,61.0
2025-08-17,32.865979381443296,36.2,2025-08-17,32.0
2025-08-18,33.0,36.1,2025-08-18,34.0
2025-08-19,33.12061855670103,37.9,2025-08-19,60.0
2025-08-20,33.19175257731958,36.8,2025-08-20,55.0
2025-08-21,33.77216494845361,36.3,2025-08-21,68.0
2025-08-22,33.756701030927836,38.0,2025-08-22,47.0
2025-08-23,33.86701030927835,37.2,2025-08-23,50.0
2025-08-24,34.23917525773196,37.4,2025-08-24,53.0
2025-08-25,33.90309278350515,37.6,2025-08-25,57.0
2025-08-26,31.128865979381445,36.3,2025-08-26,17.0
2025-08-27,32.12061855670103,35.6,2025-08-27,16.0
2025-08-28,32.04020618556701,34.9,2025-08-28,18.0
2025-08-29,33.462886597938144,37.5,2025-08-29,42.0
2025-08-30,33.70721649484536,37.6,2025-08-30,54.0
2025-08-31,31.90927835051546,35.8,2025-08-31,30.0
2025-09-01,31.315463917525772,35.2,2025-09-01,5.0
2025-09-02,30.27938144329897,33.8,2025-09-02,12.0
2025-09-03,31.93092783505155,34.5,2025-09-03,8.0
2025-09-04,30.92989690721649,35.2,2025-09-04,22.0
2025-09-05,32.36082474226804,35.4,2025-09-05,26.0
2025-09-06,31.982474226804126,36.3,2025-09-06,23.0
2025-09-07,29.79381443298969,34.9,2025-09-07,20.0
2025-09-08,27.917525773195877,33.9,2025-09-08,2.0
2025-09-09,23.9340206185567,30.8,,0.0
2025-09-10,28.710309278350515,31.5,2025-09-10,2.0
2025-09-11,29.776288659793817,32.3,2025-09-11,6.0
2025-09-12,26.91443298969072,34.0,2025-09-12,1.0
2025-09-13,27.904123711340205,32.0,2025-09-13,1.0
2025-09-14,28.770103092783504,31.7,2025-09-14,10.0
2025-09-15,29.374226804123712,32.6,2025-09-15,2.0
2025-09-16,30.770103092783504,34.1,2025-09-16,20.0
2025-09-17,28.79278350515464,34.2,2025-09-17,11.0
2025-09-18,25.412371134020617,30.6,,0.0
2025-09-19,24.080412371134024,29.6,,0.0
2025-09-20,24.870103092783506,31.3,2025-09-20,1.0
2025-09-21,25.98144329896907,29.8,2025-09-21,13.0
2025-09-22,25.27422680412371,29.2,2025-09-22,1.0
2025-09-23,26.72061855670103,30.2,2025-09-23,1.0
2025-09-24,27.035051546391752,32.6,2025-09-24,1.0
2025-09-25,25.517525773195874,32.1,2025-09-25,1.0
2025-09-26,27.49896907216495,31.4,,0.0
2025-09-27,27.21958762886598,30.7,,0.0
2025-09-28,23.72680412371134,30.6,,0.0
2025-09-29,25.13917525773196,29.6,,0.0
2025-09-30,24.79895833333333,27.7,,0.0
