key,peak연도,peak대비%,전체산업Δ,중공업Δ,반도체Δ,25중공업비중%,25반도체비중%,26회복%,분류
충청남도 당진시,2020,-41.6,-3872,-3827,0,83.8,0.2,-2.3,구조적 폐산단(중공업)
울산광역시 남구,2021,-20.3,-2473,-2075,-2,88.0,0.0,-2.7,구조적 폐산단(중공업)
울산광역시 울주군,2020,-11.8,-1416,-1714,0,82.8,0.1,-7.8,유지/증가
경상북도 봉화군,2023,-45.6,-682,-676,0,97.4,0.0,92.1,기타 하락
강원특별자치도 동해시,2022,-41.7,-612,-654,0,87.0,0.0,-5.2,구조적 폐산단(중공업)
인천광역시 동구,2021,-27.4,-775,-395,2,36.9,0.1,-3.4,구조적 폐산단(중공업)
부산광역시 사하구,2021,-21.1,-336,-351,-2,55.7,0.3,1.1,구조적 폐산단(중공업)
경기도 파주시,2022,-14.1,-396,-243,-232,13.2,71.8,-5.2,유지/증가
강원특별자치도 삼척시,2024,-14.1,-118,-221,0,64.6,0.0,-1.3,유지/증가
대전광역시 대덕구,2022,-10.0,-165,-190,-11,35.8,5.4,-1.5,유지/증가
경상남도 창원시,2021,-6.8,-39,-174,24,72.0,3.1,-0.5,유지/증가
강원특별자치도 영월군,2021,-22.0,-138,-154,0,89.1,0.0,3.4,기타 하락
전라남도 나주시,2021,-25.2,-115,-143,0,37.8,0.5,-1.2,기타 하락
충청북도 단양군,2023,-21.1,-147,-143,0,93.9,0.0,-5.6,기타 하락
부산광역시 사상구,2021,-16.4,-111,-102,-1,72.5,2.0,-5.0,기타 하락
경기도 시흥시,2021,-4.1,0,-79,183,53.5,14.5,0.8,유지/증가
경기도 안산시,2021,-8.8,-480,-74,2,40.3,21.0,-0.8,유지/증가
강원특별자치도 강릉시,2022,-13.2,22,-71,30,63.6,6.0,0.4,유지/증가
인천광역시 부평구,2020,-7.1,-51,-70,7,49.3,8.3,3.1,유지/증가
경상북도 구미시,2021,-10.6,-426,-63,-304,23.1,46.5,-3.7,반도체(경기민감)
인천광역시 남동구,2021,-7.0,-52,-59,3,62.2,15.1,-1.0,유지/증가
경기도 이천시,2022,-39.7,-1595,-55,-1572,7.3,78.5,7.1,반도체(경기민감)
경기도 수원시,2021,-8.0,-27,-46,3,46.4,15.3,-0.7,유지/증가
경기도 부천시,2024,-2.2,47,-40,119,33.9,40.9,-1.4,유지/증가
전북특별자치도 전주시,2021,-8.6,-129,-39,-1,11.3,0.4,-2.3,유지/증가
경상남도 양산시,2021,-5.3,-13,-38,37,55.8,3.8,-2.5,유지/증가
경기도 광주시,2021,-6.0,-41,-34,-6,37.4,1.9,-0.7,유지/증가
경기도 포천시,2021,-9.1,-80,-28,-9,40.2,1.0,-1.9,유지/증가
경기도 남양주시,2022,-1.3,47,-24,-1,22.9,0.8,-0.4,유지/증가
충청북도 청주시,2022,-26.6,-1903,-22,-2422,22.1,27.0,1.2,반도체(경기민감)
경기도 용인시,2022,-8.7,-314,-22,-295,23.4,48.2,2.7,반도체(경기민감)
충청남도 논산시,2022,-3.0,10,-22,-9,44.3,1.1,-0.4,유지/증가
전북특별자치도 정읍시,2022,-22.8,-53,-17,3,54.0,1.6,-10.7,기타 하락
대구광역시 북구,2021,-10.3,-45,-17,2,58.2,1.2,-2.6,유지/증가
서울특별시 성동구,2021,-5.3,-25,-16,0,4.4,0.2,-1.3,유지/증가
경기도 여주시,2024,-3.8,12,-16,6,64.2,2.6,0.0,유지/증가
경기도 군포시,2021,-12.2,-56,-15,15,33.3,8.8,-4.6,유지/증가
경기도 고양시,2025,0.0,119,-14,0,14.0,0.4,1.9,유지/증가
경기도 하남시,2022,-3.3,14,-12,0,4.1,0.4,-0.3,유지/증가
충청북도 음성군,2023,-1.3,233,-10,21,46.0,10.7,2.7,유지/증가
인천광역시 서구,2021,-2.7,-17,-10,37,59.4,6.3,1.8,유지/증가
울산광역시 북구,2023,-4.9,14,-10,8,94.3,0.9,-4.8,유지/증가
광주광역시 북구,2022,-1.8,25,-10,51,13.7,57.8,1.1,유지/증가
대구광역시 달서구,2021,-10.3,-121,-9,4,53.9,4.4,-1.6,유지/증가
충청북도 제천시,2022,-8.3,30,-8,0,72.4,0.4,0.3,유지/증가
인천광역시 중구,2022,-12.2,-9,-7,125,7.6,42.2,2.3,유지/증가
경기도 성남시,2022,-3.0,-11,-5,2,6.8,5.2,0.3,유지/증가
경상북도 고령군,2022,-14.3,-32,1,0,81.5,0.0,1.0,유지/증가
부산광역시 남구,2021,-2.4,10,2,0,69.9,0.0,-2.5,유지/증가
경기도 양주시,2021,-14.7,-123,2,5,47.6,1.5,-2.5,유지/증가
충청남도 금산군,2023,-0.8,10,4,0,79.9,1.2,-0.2,유지/증가
강원특별자치도 원주시,2023,-4.3,48,15,-2,52.1,2.4,0.6,유지/증가
광주광역시 광산구,2021,-7.9,36,24,-10,50.1,18.1,-10.3,유지/증가
충청남도 공주시,2021,-7.3,-4,25,-50,40.7,19.8,-1.4,유지/증가
경상북도 성주군,2022,-9.2,4,26,-2,69.3,0.6,-5.3,유지/증가
경기도 김포시,2022,-4.8,15,26,1,47.5,1.8,0.5,유지/증가
충청북도 충주시,2024,-3.1,226,29,-21,50.3,5.1,2.8,유지/증가
충청남도 서천군,2024,-2.7,47,29,8,23.6,1.3,5.5,유지/증가
전라남도 순천시,2023,-2.9,123,31,4,55.8,0.5,3.1,유지/증가
경상남도 진주시,2021,-8.1,14,34,0,54.2,0.0,0.7,유지/증가
전북특별자치도 완주군,2024,-1.3,72,41,3,68.7,3.4,-1.6,유지/증가
경상북도 영천시,2022,-5.2,22,42,-1,75.4,0.4,2.3,유지/증가
전북특별자치도 익산시,2021,-6.2,-54,44,-94,41.2,16.0,0.4,유지/증가
대전광역시 유성구,2025,0.0,59,45,-36,19.6,9.0,8.1,유지/증가
전라남도 영암군,2024,-3.0,38,46,0,93.7,0.0,0.2,유지/증가
경기도 오산시,2025,0.0,42,50,-20,33.5,11.3,-6.7,유지/증가
전북특별자치도 김제시,2023,-2.7,59,50,13,48.4,2.7,2.5,유지/증가
경상남도 창녕군,2023,-3.0,67,59,-1,82.8,0.0,2.4,유지/증가
경상남도 사천시,2025,0.0,88,60,36,61.9,20.2,2.4,유지/증가
경기도 안성시,2025,0.0,271,65,205,42.2,24.0,0.1,유지/증가
경상북도 칠곡군,2022,-13.7,-61,69,-3,52.6,8.9,-2.4,유지/증가
경상남도 김해시,2021,-3.5,80,79,48,67.0,4.6,-2.0,유지/증가
부산광역시 기장군,2025,0.0,31,81,-1,60.5,0.5,7.4,유지/증가
경상북도 경산시,2022,-7.5,-13,84,-2,62.8,0.6,-1.8,유지/증가
인천광역시 연수구,2025,0.0,589,87,227,11.8,23.7,4.9,유지/증가
충청북도 진천군,2024,-0.2,262,87,-6,44.7,2.6,-1.6,유지/증가
경상남도 거제시,2024,-0.6,98,88,0,91.5,0.0,-6.5,유지/증가
충청남도 보령시,2024,-2.5,170,92,0,53.3,0.0,-13.1,유지/증가
충청남도 예산군,2025,0.0,134,99,-7,77.5,0.4,2.1,유지/증가
경상남도 밀양시,2025,0.0,166,105,2,69.4,2.5,6.8,유지/증가
부산광역시 강서구,2022,-1.2,138,139,6,88.9,1.8,0.3,유지/증가
전라남도 광양시,2022,-26.5,498,139,0,80.7,0.0,-31.3,기타 하락
세종특별자치시 세종시,2025,0.0,332,151,84,43.5,13.1,-0.2,유지/증가
울산광역시 동구,2025,0.0,162,159,0,97.0,0.0,0.0,유지/증가
경상북도 영주시,2022,-0.6,160,161,0,91.0,0.0,-1.0,유지/증가
충청남도 천안시,2025,0.0,893,192,662,33.3,43.5,0.6,유지/증가
전북특별자치도 군산시,2024,-0.1,300,237,31,76.0,0.8,5.5,유지/증가
대구광역시 달성군,2024,-0.1,582,260,135,54.1,7.4,6.9,유지/증가
경상북도 김천시,2024,-0.4,166,285,-11,62.5,4.5,-8.7,유지/증가
경상북도 경주시,2023,-2.6,226,290,4,69.2,0.2,-9.2,유지/증가
경상북도 포항시,2024,-8.7,834,303,7,86.7,0.3,-19.7,유지/증가
경상남도 함안군,2023,-0.6,300,305,11,79.4,1.3,0.9,유지/증가
경기도 화성시,2022,-3.0,509,357,-111,33.0,55.4,-1.4,유지/증가
충청남도 아산시,2020,-10.4,-1327,367,-1623,25.1,66.8,0.4,반도체(경기민감)
전라남도 여수시,2021,-4.5,465,425,1,94.8,0.0,-22.9,유지/증가
경기도 평택시,2025,0.0,9756,1096,8750,18.2,72.6,8.7,유지/증가
충청남도 서산시,2022,-7.3,1246,1583,5,95.1,0.1,-4.3,유지/증가
