본부,지사,정전건수,일시건수,정전호수,평균지속h,key
강원본부,강릉지사,199,61,25927.0,0.6731044109436068,강원특별자치도 강릉시
강원본부,강릉특별지사,7,7,3850.0,1.080515873015873,강원특별자치도 강릉시
강원본부,강원본부직할,104,45,22387.0,1.1294658119658119,
강원본부,고성지사,2,2,528.0,1.3169444444444445,강원특별자치도 고성군
강원본부,동해지사,26,16,11354.0,0.7278418803418804,강원특별자치도 동해시
강원본부,삼척지사,72,25,18900.0,0.7077739197530865,강원특별자치도 삼척시
강원본부,속초고성지사,57,16,5163.0,0.2939132553606238,
강원본부,속초지사,6,6,2748.0,0.4981481481481482,강원특별자치도 속초시
강원본부,양구지사,29,13,7019.0,0.7080076628352491,강원특별자치도 양구군
강원본부,양양지사,29,10,3436.0,0.5211781609195402,강원특별자치도 양양군
강원본부,영월지사,47,17,6202.0,0.8723522458628842,강원특별자치도 영월군
강원본부,원주지사,156,31,13001.0,0.36579415954415956,강원특별자치도 원주시
강원본부,인제지사,99,26,13129.0,0.4270987654320988,강원특별자치도 인제군
강원본부,정선지사,36,12,2978.0,0.6401466049382716,강원특별자치도 정선군
강원본부,철원지사,105,29,15066.0,0.5160026455026455,강원특별자치도 철원군
강원본부,태백지사,44,12,7720.0,0.5677777777777778,강원특별자치도 태백시
강원본부,평창지사,45,10,4288.0,0.4702716049382715,강원특별자치도 평창군
강원본부,홍천지사,130,41,23881.0,0.6608846153846154,강원특별자치도 홍천군
강원본부,화천지사,36,9,3135.0,0.6778317901234568,강원특별자치도 화천군
강원본부,횡성지사,64,19,9310.0,0.5313671875,강원특별자치도 횡성군
경기본부,경기본부직할,96,34,7864.0,0.4714207175925926,
경기본부,광명지사,39,14,5033.0,0.4817948717948718,경기도 광명시
경기본부,광주지사,142,45,24949.0,0.8315179968701095,경기도 광주시
경기본부,동용인지사,129,29,16569.0,0.29758828596037895,경기도 용인시
경기본부,서수원지사,107,43,17745.0,0.3927076843198338,경기도 수원시
경기본부,서용인지사,114,38,6764.0,0.6368469785575049,경기도 용인시
경기본부,서평택지사,236,52,20302.0,0.5743173258003766,경기도 평택시
경기본부,성남지사,206,55,20227.0,0.3864697950377562,경기도 성남시
경기본부,안산지사,469,72,33472.0,0.23151149016820657,경기도 안산시
경기본부,안성지사,186,31,10693.0,0.26718189964157707,경기도 안성시
경기본부,안양군포의왕지사,279,60,18370.0,0.3886469534050179,
경기본부,여주지사,126,43,25102.0,0.578531746031746,경기도 여주시
경기본부,오산지사,219,49,7881.0,0.40718797564687975,경기도 오산시
경기본부,이천지사,167,36,18558.0,0.39907185628742514,경기도 이천시
경기본부,평택지사,229,60,29777.0,0.5451746724890829,경기도 평택시
경기본부,하남지사,61,22,7930.0,0.5611703096539162,경기도 하남시
경기본부,화성지사,226,36,24131.0,0.3775049164208456,경기도 화성시
경기북부본부,가평지사,53,16,10277.0,0.7766090146750524,경기도 가평군
경기북부본부,경기북부본부직할,120,36,16008.0,0.48451388888888886,
경기북부본부,고양지사,188,76,25053.0,0.5944385342789598,경기도 고양시
경기북부본부,구리지사,84,22,8923.0,0.39680886243386243,경기도 구리시
경기북부본부,남양주지사,120,24,14684.0,0.2753888888888889,경기도 남양주시
경기북부본부,동두천지사,114,34,11755.0,0.31094541910331386,경기도 동두천시
경기북부본부,양평지사,92,34,24050.0,0.530066425120773,경기도 양평군
경기북부본부,연천지사,85,20,8905.0,0.41974836601307186,경기도 연천군
경기북부본부,파주지사,264,79,33432.0,0.4173295454545454,경기도 파주시
경기북부본부,포천지사,211,52,18708.0,0.4165916271721959,경기도 포천시
경남본부,거제지사,51,5,6057.0,0.15933006535947714,경상남도 거제시
경남본부,거창지사,44,9,5058.0,0.7376767676767677,경상남도 거창군
경남본부,경남본부직할,218,22,3989.0,0.11713175331294597,
경남본부,고성지사,69,6,1816.0,0.20132045088566827,강원특별자치도 고성군
경남본부,남해지사,15,1,569.0,0.5853518518518519,경상남도 남해군
경남본부,마산지사,95,17,8454.0,0.36174561403508776,경상남도 창원시
경남본부,밀양지사,109,16,9852.0,0.1799006116207951,경상남도 밀양시
경남본부,사천지사,73,12,6552.0,0.20046042617960427,경상남도 사천시
경남본부,산청지사,53,5,4053.0,0.10237945492662474,경상남도 산청군
경남본부,의령지사,28,6,2203.0,1.3529464285714285,경상남도 의령군
경남본부,진주지사,188,18,9065.0,0.14582594562647755,경상남도 진주시
경남본부,진해지사,85,8,2087.0,0.12615686274509802,경상남도 창원시
경남본부,창녕지사,45,7,3002.0,0.2324691358024691,경상남도 창녕군
경남본부,통영지사,59,12,5292.0,0.30683145009416196,경상남도 통영시
경남본부,하동지사,65,16,8051.0,0.40041452991452986,경상남도 하동군
경남본부,함안의령지사,23,4,1484.0,0.40943236714975845,
경남본부,함안지사,114,16,6045.0,0.119546783625731,경상남도 함안군
경남본부,함양지사,30,7,2979.0,0.4107777777777778,경상남도 함양군
경남본부,합천지사,67,11,5812.0,0.47718905472636813,경상남도 합천군
경북본부,경북본부직할,163,30,16600.0,0.2769256987048398,
경북본부,구미지사,172,28,21437.0,0.34516795865633076,경상북도 구미시
경북본부,군위지사,72,13,8267.0,0.19846064814814815,대구광역시 군위군
경북본부,문경지사,88,21,11252.0,0.3945517676767677,경상북도 문경시
경북본부,봉화지사,56,16,7869.0,0.38420634920634916,경상북도 봉화군
경북본부,상주지사,84,25,22994.0,0.39711309523809524,경상북도 상주시
경북본부,영양지사,19,4,3068.0,0.24884502923976604,경상북도 영양군
경북본부,영주지사,57,19,10877.0,0.4990204678362573,경상북도 영주시
경북본부,예천지사,59,20,11006.0,0.5033898305084745,경상북도 예천군
경북본부,울진지사,56,18,10261.0,0.6074851190476191,경상북도 울진군
경북본부,의성지사,102,24,15946.0,0.2631862745098039,경상북도 의성군
경북본부,청송지사,35,12,7161.0,0.8160158730158731,경상북도 청송군
광주전남본부,강진지사,59,19,11213.0,0.4508804143126177,전라남도 강진군
광주전남본부,고흥지사,114,27,19332.0,0.4286915204678363,전라남도 고흥군
광주전남본부,곡성지사,31,12,5403.0,0.47011648745519713,전라남도 곡성군
광주전남본부,광산지사,231,44,16525.0,0.20009018759018757,광주광역시 광산구
광주전남본부,광양지사,79,15,5409.0,0.35796413502109703,전라남도 광양시
광주전남본부,광주전남본부직할,124,32,12844.0,0.32244399641577065,
광주전남본부,구례지사,20,4,3261.0,0.3430694444444444,전라남도 구례군
광주전남본부,나주지사,210,40,18597.0,0.27437698412698414,전라남도 나주시
광주전남본부,담양지사,53,19,12268.0,0.352751572327044,전라남도 담양군
광주전남본부,목포지사,89,23,10645.0,0.2811204744069912,전라남도 목포시
광주전남본부,무안지사,135,34,18364.0,0.6813024691358024,전라남도 무안군
광주전남본부,보성지사,99,18,10426.0,0.275530303030303,전라남도 보성군
광주전남본부,서광주지사,127,43,12681.0,0.5250940507436571,
광주전남본부,순천지사,143,39,23325.0,0.4388888888888889,전라남도 순천시
광주전남본부,신안지사,47,16,7026.0,1.1573404255319149,전라남도 신안군
광주전남본부,여수지사,159,37,26652.0,0.40813766596785467,전라남도 여수시
광주전남본부,영광지사,105,22,15070.0,0.31882539682539685,전라남도 영광군
광주전남본부,영암지사,150,30,10306.0,0.4019185185185185,전라남도 영암군
광주전남본부,완도지사,58,17,14870.0,0.5144588122605364,전라남도 완도군
광주전남본부,장성지사,49,16,6721.0,0.5808106575963718,전라남도 장성군
광주전남본부,장흥지사,40,6,2004.0,0.23256944444444444,전라남도 장흥군
광주전남본부,진도지사,76,16,8010.0,0.40179824561403504,전라남도 진도군
광주전남본부,함평지사,82,18,9197.0,0.30556233062330623,전라남도 함평군
광주전남본부,해남지사,169,42,23297.0,0.40170775805391185,전라남도 해남군
광주전남본부,화순지사,51,12,4107.0,0.29497821350762526,전라남도 화순군
남서울본부,강남지사,199,58,21916.0,0.555143774427694,서울특별시 강남구
남서울본부,강동송파지사,141,46,12987.0,0.4374980299448385,
남서울본부,강서양천지사,132,20,9111.0,0.26986531986531986,
남서울본부,관악동작지사,128,31,24131.0,0.4200542534722222,
남서울본부,구로금천지사,113,19,9081.0,0.29314159292035397,
남서울본부,남서울본부직할,92,12,6376.0,0.23477958937198068,
남서울본부,서초지사,188,42,19575.0,0.39892582742316784,서울특별시 서초구
대구본부,경산지사,112,17,10129.0,0.23021577380952382,경상북도 경산시
대구본부,경주지사,301,51,32149.0,0.2885492801771872,경상북도 경주시
대구본부,고령지사,58,5,2111.0,0.16625957854406131,경상북도 고령군
대구본부,김천지사,65,20,11134.0,0.3581837606837607,경상북도 김천시
대구본부,남대구지사,153,31,12981.0,0.3246060275962237,
대구본부,대구본부직할,124,28,9138.0,0.22789426523297493,
대구본부,동대구지사,120,40,14810.0,0.3838402777777778,
대구본부,북포항지사,58,14,5332.0,0.3712404214559387,경상북도 포항시
대구본부,서대구지사,95,18,10020.0,0.19283040935672516,
대구본부,성주지사,63,19,7370.0,0.26476190476190475,경상북도 성주군
대구본부,영덕지사,35,16,9100.0,0.6208174603174603,경상북도 영덕군
대구본부,영천지사,74,18,10535.0,0.3490990990990991,경상북도 영천시
대구본부,청도지사,27,3,2282.0,0.19112139917695473,경상북도 청도군
대구본부,칠곡지사,65,9,5604.0,0.1924871794871795,경상북도 칠곡군
대구본부,포항지사,156,27,12825.0,0.2342289886039886,경상북도 포항시
대전세종충남본부,공주지사,68,21,12639.0,0.440359477124183,충청남도 공주시
대전세종충남본부,공주청양지사,24,4,1854.0,0.3666319444444444,
대전세종충남본부,금산지사,58,7,3427.0,0.19989463601532567,충청남도 금산군
대전세종충남본부,논산지사,66,10,4707.0,0.24015993265993266,충청남도 논산시
대전세종충남본부,당진지사,144,27,11180.0,0.2844328703703704,충청남도 당진시
대전세종충남본부,대덕유성지사,201,41,10888.0,0.31434494195688223,
대전세종충남본부,대전세종충남본부직할,90,19,7495.0,0.3276327160493827,
대전세종충남본부,보령지사,91,26,12118.0,0.4978724053724054,충청남도 보령시
대전세종충남본부,부여지사,81,15,5752.0,0.2712037037037037,충청남도 부여군
대전세종충남본부,서대전지사,99,26,6554.0,0.3072502805836139,
대전세종충남본부,서산지사,138,22,9958.0,0.2957206119162641,충청남도 서산시
대전세종충남본부,서천지사,72,11,4790.0,0.1921219135802469,충청남도 서천군
대전세종충남본부,세종지사,140,27,8596.0,0.40016468253968257,세종특별자치시 세종특별자치시
대전세종충남본부,아산지사,187,42,15027.0,0.4485398098633393,충청남도 아산시
대전세종충남본부,예산지사,117,8,3871.0,0.17870132953466286,충청남도 예산군
대전세종충남본부,천안지사,314,56,32349.0,0.47726733899504603,충청남도 천안시
대전세종충남본부,청양지사,48,8,6791.0,0.22892361111111112,충청남도 청양군
대전세종충남본부,태안지사,130,29,22429.0,0.3683034188034188,충청남도 태안군
대전세종충남본부,홍성지사,120,26,10702.0,0.43223842592592593,충청남도 홍성군
부산울산본부,기장지사,74,17,7051.0,0.3130442942942943,부산광역시 기장군
부산울산본부,김해지사,406,63,19856.0,0.25095443349753693,경상남도 김해시
부산울산본부,남부산지사,159,46,18015.0,0.468570929419986,
부산울산본부,동래지사,198,18,12477.0,0.14667789001122333,부산광역시 동래구
부산울산본부,동울산지사,69,16,5102.0,0.4026892109500805,
부산울산본부,부산울산본부직할,133,32,14299.0,0.3511215538847118,
부산울산본부,북부산지사,157,12,4460.0,0.1130449398443029,
부산울산본부,서부산지사,188,24,4228.0,0.19707151300236408,
부산울산본부,서울산지사,80,17,7742.0,0.3857777777777778,
부산울산본부,양산지사,178,35,12952.0,0.42992041198501874,경상남도 양산시
부산울산본부,영도지사,37,5,4018.0,0.2450675675675676,부산광역시 영도구
부산울산본부,울산지사,345,76,38276.0,0.27724235104669886,
부산울산본부,중부산지사,257,24,9782.0,0.17302529182879378,
서울본부,강북성북지사,84,25,25259.0,0.451276455026455,
서울본부,광진성동지사,84,14,4482.0,0.2405919312169312,
서울본부,노원도봉지사,68,20,9819.0,0.4991094771241831,
서울본부,동대문중랑지사,74,20,13857.0,0.47937687687687686,
서울본부,마포용산지사,123,29,17601.0,0.6914543812104788,
서울본부,서대문은평지사,87,28,21581.0,0.7294508301404853,
서울본부,서울본부직할,219,65,23063.0,0.6302980720446475,
인천본부,강화지사,91,34,24061.0,0.5494597069597069,인천광역시 강화군
인천본부,김포지사,166,45,11560.0,0.3734554886211513,경기도 김포시
인천본부,남인천지사,246,38,11436.0,0.22541553748870824,
인천본부,부천지사,114,33,11542.0,0.5732504873294347,경기도 부천시
인천본부,서인천지사,245,46,15066.0,0.34504308390022675,
인천본부,시흥지사,124,29,10009.0,0.40081093189964156,경기도 시흥시
인천본부,영종지사,39,10,2491.0,0.5812891737891738,
인천본부,인천본부직할,145,46,19007.0,0.5208199233716475,
인천본부,제물포지사,128,29,15090.0,0.32971354166666667,
전북본부,고창지사,108,25,13308.0,0.3394984567901234,전라북도 고창군
전북본부,군산지사,178,30,9536.0,0.23411828963795256,전라북도 군산시
전북본부,김제지사,105,28,18736.0,0.40031481481481485,전라북도 김제시
전북본부,남원지사,69,9,4851.0,0.12872785829307568,전라북도 남원시
전북본부,남전주지사,112,24,17148.0,0.38986359126984127,
전북본부,무주지사,21,8,3778.0,0.6450661375661375,전라북도 무주군
전북본부,부안지사,89,12,3386.0,0.29368913857677903,전라북도 부안군
전북본부,순창지사,29,12,6694.0,0.49087164750957857,전라북도 순창군
전북본부,익산지사,192,36,26492.0,0.2808232060185185,전라북도 익산시
전북본부,임실지사,33,4,2191.0,0.12798821548821548,전라북도 임실군
전북본부,장수지사,31,11,11179.0,0.4854390681003585,전라북도 장수군
전북본부,전북본부직할,286,36,18163.0,0.17610236985236985,
전북본부,정읍지사,196,37,25175.0,0.23332057823129249,전라북도 정읍시
전북본부,진안지사,33,10,5258.0,0.6401599326599327,전라북도 진안군
제주본부,서귀포지사,350,59,25408.0,0.29543174603174605,제주특별자치도 서귀포시
제주본부,제주본부직할,401,97,54424.0,0.3641209476309227,
충북본부,단양지사,55,9,5219.0,0.19223232323232323,충청북도 단양군
충북본부,동청주지사,128,27,12212.0,0.3111306423611111,충청북도 청주시
충북본부,보은지사,70,15,8879.0,0.2721150793650794,충청북도 보은군
충북본부,영동지사,47,16,9959.0,0.5384692671394798,충청북도 영동군
충북본부,옥천지사,52,18,10993.0,0.5038675213675213,충청북도 옥천군
충북본부,음성지사,116,21,9218.0,0.3646192528735632,충청북도 음성군
충북본부,제천지사,127,28,17353.0,0.3547965879265092,충청북도 제천시
충북본부,증평괴산지사,114,28,14143.0,0.3808260233918129,
충북본부,진천지사,135,19,6560.0,0.13878600823045267,충청북도 진천군
충북본부,충북본부직할,161,35,18669.0,0.235351966873706,
충북본부,충주지사,188,30,16193.0,0.21837174940898346,충청북도 충주시
