부지,폴리곤,날짜,site,base_all,n_all,base_r40,base_r45,frac_res,base_r50,base_grn,base_res_lc,base_grn_lc,frac_res_lc,ΔT현행,ΔTr40,ΔTr45,ΔTr50,ΔT주거_실측,ΔT산림_실측
광양·제철,True,2020-06-08,43.67334222638411,32.22441500000002,846190,37.82996780000002,37.63172264000002,0.191194822875403,37.443731540000044,30.898223239999993,39.46719938000001,29.698498220000033,0.004730744236755105,11.448927226384086,5.843374426384088,6.041619586384087,6.2296106863840635,4.206142846384097,13.974844006384075
광양·제철,True,2023-08-20,42.804475333320326,38.39052307999998,106506,46.36818176000003,45.96485540000003,0.1747478920583651,45.489750619999995,37.40271530000001,44.00974796000003,35.61850886000002,0.004730744236755105,4.413952253320346,-3.563706426679701,-3.160380066679707,-2.685275286679669,-1.205272626679701,7.185966473320306
광양·제철,True,2024-06-03,38.49885664201767,31.694621900000016,160717,35.76890174000005,35.53989439999998,0.3015624124993,35.300633000000005,29.44556474000001,36.466177819999984,26.796599239999978,0.004730744236755105,6.804234742017655,2.7299549020176244,2.958962242017691,3.198223642017666,2.0326788220176866,11.702257402017693
광양·제철,True,2025-07-24,46.257935696061324,34.70589752000001,881033,43.19967722000001,42.69381026000002,0.09967276305797985,42.129836960000034,34.21028462000004,42.75875264000001,33.020813660000044,0.004730744236755105,11.552038176061316,3.0582584760613116,3.5641254360613033,4.12809873606129,3.4991830560613124,13.23712203606128
광양·제철,True,2025-08-25,47.84941285124814,36.82848794000006,62762,44.681388889999994,44.19773906,0.08660526483523488,43.64060180000001,36.47643188000001,41.965772000000015,33.94709708000005,0.004730744236755105,11.02092491124808,3.168023961248146,3.651673791248136,4.2088110512481265,5.883640851248124,13.902315771248091
광양·제철,True,2023-07-27,41.471951573279085,36.42174355999998,39566,41.629097030000025,41.41205276000005,0.19933781529596117,40.93352995999999,35.92613066000001,44.52586898000001,34.69051643,0.004730744236755105,5.050208013279104,-0.15714545672094005,0.0598988132790339,0.5384216132790982,-3.0539174067209274,6.781435143279083
광양·제철,True,2024-07-29,41.976114839740276,35.80308194000003,177614,42.47163896000001,42.17768924000001,0.0785939901694171,41.79828902000003,35.39291953999998,42.92281760000003,33.284001200000034,0.004730744236755105,6.1730328997402495,-0.4955241202597307,-0.20157440025973017,0.17782581974024936,-0.946702760259754,8.692113639740242
광양·제철,True,2024-08-14,50.616217533450495,36.74987348000002,737690,47.291047160000005,46.78005317,0.09368632676881948,46.20753481999998,36.168810080000014,46.36476374000006,34.39143968000002,0.004730744236755105,13.866344053450476,3.32517037345049,3.836164363450493,4.408682713450517,4.2514537934504375,16.224777853450476
광양·제철,True,2024-08-30,52.32742408861804,37.443731540000044,689056,46.35450967999998,45.92383916000006,0.098645453714226,45.44531635999999,36.83532398,45.43848032000005,35.447607860000005,0.004730744236755105,14.883692548617994,5.97291440861806,6.403584928617981,6.882107728618045,6.888943768617985,16.879816228618033
광양·제철,True,2025-08-01,50.03680674513435,36.08335957999998,878025,46.146010460000014,45.61621736000001,0.0975436694278129,45.02148188000001,35.46811597999999,44.92235930000004,33.93342500000006,0.004730744236755105,13.95344716513437,3.8907962851343356,4.420589385134342,5.015324865134339,5.11444744513431,16.103381745134293
광양·제철,True,2025-08-17,46.65677826026275,33.47199230000001,888879,41.309512160000054,40.885677680000015,0.09294790300188335,40.393482800000015,33.01055960000002,41.66840425999999,31.581827240000052,0.004730744236755105,13.184785960262737,5.3472661002626936,5.771100580262733,6.263295460262732,4.988374000262759,15.074951020262695
여수·석화,False,2020-06-08,40.38622150868269,33.56769686000001,452097,38.05897514000003,37.918836320000025,0.26732051299066123,37.74793532000001,31.55790109999998,39.68595266,30.368430139999987,0.004358946889144816,6.818524648682676,2.3272463686826583,2.4673851886826625,2.6382861886826774,0.7002688486826898,10.017791368682701
여수·석화,False,2025-07-24,43.762545274137146,35.78257382000004,511414,43.59958556000004,43.08688256000005,0.14637823420830334,42.570761540000035,34.93832287999999,42.50411015,33.612131120000015,0.004358946889144816,7.979971454137107,0.1629597141371093,0.675662714137097,1.1917837341371111,1.2584351241371436,10.150414154137131
여수·석화,False,2024-07-29,42.63418767494324,34.58626681999999,124832,41.65815020000002,41.26849592000002,0.08896169960505972,40.82757134000002,34.08039986000006,41.430851870000026,33.051575840000055,0.004358946889144816,8.04792085494325,0.9760374749432188,1.3656917549432208,1.8066163349432216,1.2033358049432152,9.582611834943187
여수·석화,False,2024-08-14,47.57510357703043,38.45546546000003,460258,47.4004238,46.90481090000003,0.14082346550787617,46.35109166000001,37.35486302000004,46.39894393999998,35.741557580000006,0.004358946889144816,9.119638117030405,0.17467977703043402,0.6702926770304032,1.224011917030424,1.1761596370304517,11.833545997030427
여수·석화,False,2024-08-30,47.94072264016365,38.78359538000001,442746,47.04494971999998,46.621115239999995,0.143091425357305,46.11866630000003,37.758189379999976,46.12208432,36.3943994,0.004358946889144816,9.15712726016364,0.8957729201636724,1.3196074001636546,1.8220563401636198,1.8186383201636502,11.546323240163652
여수·석화,False,2025-08-01,46.656098091734314,37.52234600000003,491587,46.84328654000001,46.28614928000002,0.14917989100473777,45.667487660000006,36.32603900000004,45.32910368,34.69564346000004,0.004358946889144816,9.133752091734287,-0.1871884482656938,0.3699488117342966,0.9886104317343083,1.3269944117343115,11.960454631734272
여수·석화,False,2025-08-17,44.13708881191492,34.65804523999998,541468,41.750436740000055,41.323184240000046,0.14305502457295147,40.85833352000003,33.69758162000005,41.56586366000002,32.532036800000014,0.004358946889144816,9.479043571914943,2.3866520719148667,2.8139045719148754,3.278755291914891,2.571225151914902,11.605052011914907
울산미포,True,2020-08-20,46.93175461683083,33.53351666000003,662766,41.69574842000003,41.34369235999998,0.059841892342537416,40.95745610000006,33.32843546000004,39.34927769000001,32.89434692000003,0.0017102142958616093,13.398237956830798,5.2360061968308,5.5880622568308524,5.974298516830771,7.582476926830822,14.037407696830797
울산미포,True,2021-08-07,47.59114986507953,33.94367906000002,23579,41.91279269000003,41.52655643000003,0.11581537417274733,41.13519314000001,33.28741922000006,38.082901280000016,32.294484409999995,0.0017102142958616093,13.647470805079507,5.678357175079498,6.064593435079502,6.455956725079517,9.508248585079514,15.296665455079534
울산미포,True,2022-08-26,42.709705837540184,29.117434820000028,662272,37.481329759999994,37.166871920000006,0.05635351107138111,36.790889719999996,28.912353619999976,34.57259474000003,28.00316029999999,0.0017102142958616093,13.592271017540156,5.22837607754019,5.542833917540179,5.918816117540189,8.137111097540156,14.706545537540194
울산미포,True,2024-06-12,43.22406647103335,31.961227460000032,593612,39.09121718000006,38.83144765999998,0.12239369686106512,38.588768240000036,31.54422901999999,38.75796023000001,31.09646840000005,0.0017102142958616093,11.262839011033321,4.1328492910332955,4.392618811033373,4.6352982310333175,4.466106241033344,12.127598071033304
울산미포,True,2024-06-28,42.57036393460236,31.07937830000003,339418,39.24161006000003,38.81093954000005,0.08371340687314383,38.35292486000003,30.775174520000007,38.06068415000004,30.37526618000004,0.0017102142958616093,11.490985634602332,3.3287538746023344,3.7594243946023127,4.217439074602332,4.509679784602319,12.195097754602322
울산미포,True,2024-08-31,44.20195495441931,31.47586862000003,502319,38.89639004000003,38.592186260000005,0.06103575218560794,38.25380228000006,31.24344326000005,36.46446881,30.594019460000027,0.0017102142958616093,12.726086334419279,5.3055649144192785,5.6097686944193015,5.948152674419248,7.737486144419307,13.60793549441928
울산미포,True,2025-08-02,46.351463809150914,35.08529773999999,555742,44.54295908000006,44.12254261999999,0.07328945095442374,43.603003580000006,34.81527416000006,41.87690348000001,34.39485769999999,0.0017102142958616093,11.266166069150927,1.8085047291508545,2.228921189150924,2.7484602291509077,4.474560329150904,11.956606109150925
울산미포,True,2022-07-01,45.6258422203525,34.30598917999998,604627,42.15376309999999,41.79828902000003,0.07071956809043106,41.408634740000025,34.01545748000001,40.54729370000001,33.44806616000005,0.0017102142958616093,11.31985304035252,3.472079120352511,3.827553200352476,4.217207480352478,5.078548520352491,12.17777606035245
울산미포,True,2023-06-02,39.49623713939479,28.83373916000005,613648,34.41194780000001,34.30940720000001,0.11339628237763559,34.169268380000005,28.47826508000003,34.75716782000001,28.085192780000057,0.0017102142958616093,10.662497979394743,5.084289339394786,5.186829939394784,5.326968759394788,4.739069319394787,11.411044359394737
울산미포,True,2023-08-05,45.54645736285537,36.15171998000005,111240,44.51219690000005,44.1533048,0.07836984958958546,43.79783071999998,35.80991798000002,42.500692130000004,35.56723856000002,0.0017102142958616093,9.394737382855318,1.0342604628553218,1.39315256285537,1.7486266428553918,3.0457652328553664,9.97921880285535
울산미포,True,2023-08-21,43.857937291435,33.78303212000003,35674,41.59320782000003,41.25482384000003,0.08688703843889309,40.84124342000001,33.45490219999999,37.23523232000002,32.73028196000001,0.0017102142958616093,10.07490517143497,2.2647294714349684,2.6031134514349716,3.0166938714349882,6.6227049714349775,11.127655331434987
울산미포,True,2024-08-07,47.541864859747704,36.722529320000035,223733,46.30153037000002,45.862314800000036,0.07933648611198026,45.32910368,36.319202959999984,43.42868456000002,35.676615200000015,0.0017102142958616093,10.81933553974767,1.2403344897476813,1.679550059747669,2.2127611797477016,4.1131802997476825,11.86524965974769
울산미포,True,2024-08-23,47.08720504807917,33.22589486000004,407193,42.38277044000006,41.91108368000005,0.05473921020121965,41.377872560000014,33.03106772000001,38.311908620000025,32.12529242000005,0.0017102142958616093,13.86131018807913,4.7044346080791115,5.176121368079123,5.709332488079156,8.775296428079145,14.96191262807912
울산미포,True,2025-06-23,43.016267128615056,30.416282420000016,587682,37.93592641999999,37.447149560000014,0.08595825200920927,37.02331508000003,30.08131646000004,36.77721764,29.548105340000006,0.0017102142958616093,12.59998470861504,5.0803407086150685,5.569117568615042,5.992952048615024,6.239049488615052,13.468161788615049
울산미포,True,2025-07-09,45.470242831208424,31.968063500000028,338998,43.64060180000001,43.182587119999994,0.07775653846380762,42.66646609999998,31.639933580000047,40.43108102000002,30.911895319999985,0.0017102142958616093,13.502179331208396,1.8296410312084106,2.28765571120843,2.803776731208444,5.039161811208402,14.558347511208439
울산미포,True,2025-07-25,47.43946590805173,33.42414001999998,101099,42.58443362000003,42.099074780000024,0.08768475830546707,41.589789800000005,32.89434692000003,40.014082580000036,31.96464548000006,0.0017102142958616093,14.015325888051748,4.855032288051703,5.3403911280517065,5.8496761080517246,7.425383328051694,15.474820428051672
온산,True,2020-08-20,44.4547324529302,33.97444124000003,587181,43.801248740000005,43.40475842000001,0.08338939634190998,42.95699780000001,33.639475280000056,44.10887054,33.318181400000014,0.0029073830756758266,10.480291212930169,0.6534837129301962,1.0499740329301943,1.4977346529301911,0.34586191293020363,11.136551052930187
온산,True,2021-08-07,46.61063179322916,35.12631398000002,85250,44.90868722000005,44.74120424,0.18363922268118663,44.56004918000002,34.22737472000006,45.15478466000002,33.694163600000024,0.0029073830756758266,11.48431781322914,1.7019445732291132,1.8694275532291584,2.050582613229139,1.4558471332291418,12.916468193229136
온산,True,2022-08-26,40.084023176465934,29.42505662000002,584330,38.906644099999994,38.56142408000005,0.07986451631674703,38.19911395999998,29.090090659999987,38.86220983999999,28.334708240000055,0.0029073830756758266,10.658966556465913,1.1773790764659395,1.522599096465882,1.8849092164659567,1.2218133364659423,11.749314936465879
온산,True,2024-06-12,42.422653944402676,32.11162034000006,527705,40.885677680000015,40.441335080000044,0.12697886307044506,40.031172680000054,31.609171400000037,41.330020279999985,31.31180366000001,0.0029073830756758266,10.311033604402617,1.5369762644026608,1.9813188644026312,2.3914812644026213,1.0926336644026904,11.110850284402666
온산,True,2024-06-28,43.618742099134266,31.86894092,196309,40.23283586000002,39.97306634000006,0.1427618072430323,39.68253464000003,31.26395137999998,39.86027167999998,30.658961840000018,0.0029073830756758266,11.749801179134266,3.3859062391342434,3.645675759134207,3.9362074591342378,3.7584704191342837,12.959780259134249
온산,True,2024-08-31,41.54984304876042,31.75272824000001,529909,40.311450320000006,39.98673842000005,0.08238997746515025,39.66202652000004,31.39041812000005,40.936947980000014,30.942657499999996,0.0029073830756758266,9.797114808760412,1.2383927287604166,1.563104628760371,1.887816528760382,0.6128950687604089,10.607185548760427
온산,True,2025-08-02,46.08857553169804,35.31772310000002,466602,45.66406963999998,45.305177540000045,0.1080694144096839,44.90868722000005,34.834073270000005,45.38891903000001,34.53841454000002,0.0029073830756758266,10.770852431698017,0.4245058916980611,0.7833979916979956,1.1798883116979937,0.6996565016980298,11.550160991698021
온산,True,2020-08-20,45.85902107991476,32.904600980000055,232742,41.98969814000003,41.736764660000006,0.07524899670868888,41.408634740000025,32.631159379999986,40.21916378000003,32.036423900000045,0.0029073830756758266,12.954420099914707,3.8693229399147313,4.1222564199147556,4.450386339914736,5.6398572999147305,13.822597179914716
온산,True,2023-08-13,42.91218194287083,33.80012222000005,25801,39.72696890000003,39.403966010000005,0.13356071470098058,39.13052441000002,33.12677228000001,,32.330373620000046,0.0029073830756758266,9.112059722870782,3.1852130428707994,3.508215932870826,3.7816575328708097,,10.581808322870785
온산,True,2024-06-12,42.85558807597755,31.315221680000036,198008,40.43791706000002,40.01066456000001,0.11964788945789522,39.638100380000026,30.812772740000014,39.63980939000001,30.057390320000025,0.0029073830756758266,11.540366395977514,2.4176710159775325,2.8449235159775412,3.2174876959775247,3.21577868597754,12.798197755977526
온산,True,2024-07-30,51.491706712119694,35.24594467999998,219573,47.913126799999986,47.47562024000001,0.07150991181400773,47.08938397999998,34.887052580000045,44.61131948000002,33.59162300000003,0.0029073830756758266,16.245762032119714,3.5785799121197073,4.016086472119682,4.402322732119714,6.8803872321196735,17.900083712119667
온산,True,2024-08-31,42.360654501381596,30.23170934000001,212491,39.279208280000034,38.99551262,0.07168070786463972,38.71523497999999,29.951431700000057,36.90197537,29.062746500000003,0.0029073830756758266,12.128945161381587,3.0814462213815617,3.3651418813815965,3.645419521381605,5.458679131381594,13.297908001381593
온산,True,2025-08-02,47.20099004042491,34.96908506,158925,45.178710799999976,44.79931058,0.10621134036836376,44.34813194000003,34.35725948000004,42.05122250000002,33.62751220999999,0.0029073830756758266,12.231904980424915,2.022279240424936,2.4016794604249156,2.852858100424882,5.1497675404248895,13.57347783042492
온산,True,2022-07-01,44.73093947211464,34.593102860000045,525839,44.39598422000006,43.97214974000002,0.09421907928272,43.476536839999994,34.11116204000001,44.97021158000001,33.94367906000002,0.0029073830756758266,10.137836612114597,0.33495525211458244,0.7587897321146215,1.2544026321146475,-0.23927210788536968,10.78726041211462
온산,True,2023-06-02,37.93054414273113,29.175541160000023,539807,36.10386770000002,35.81675402000002,0.12035266742254137,35.54331242000001,28.744870640000045,36.87975824,28.3278722,0.0029073830756758266,8.755002982731106,1.826676442731106,2.1137901227311104,2.387231722731123,1.0507859027311284,9.602671942731128
온산,True,2023-08-05,47.03106683700442,35.611672820000024,38483,45.67774172000003,45.32910368,0.1155465460782785,44.85741691999999,35.12631398000002,46.091322140000045,34.95199495999998,0.0029073830756758266,11.419394017004393,1.3533251170043883,1.701963157004414,2.1736499170044254,0.9397446970043717,12.079071877004438
온산,True,2023-08-21,43.24343812274092,37.720591160000026,33505,42.639121939999995,42.48189302000003,0.2670905725714968,42.345172219999995,35.34848527999998,42.601523720000046,33.425849029999995,0.0029073830756758266,5.522846962740893,0.6043161827409236,0.7615451027408895,0.8982659027409241,0.6419144027408734,9.817589092740924
온산,True,2024-08-07,48.796607018930494,37.218142220000004,133264,47.01076952000005,46.70656574000003,0.11138794041499381,46.33400156000005,36.67125901999998,44.437000460000036,36.14488394,0.0029073830756758266,11.57846479893049,1.7858374989304409,2.090041278930464,2.4626054589304474,4.359606558930459,12.651723078930495
온산,True,2024-08-23,45.968142336931976,33.646311319999995,322941,43.50388099999998,43.20993127999998,0.08324275446468662,42.90914552000004,33.27716515999998,39.65177246000002,32.16289064,0.0029073830756758266,12.32183101693198,2.4642613369319974,2.758211056931998,3.0589968169319377,6.316369876931958,13.805251696931975
온산,True,2025-06-23,41.01172630289293,30.453880640000023,528789,39.94914019999999,39.460363340000015,0.09881422924901186,38.93057024000001,30.012956060000022,40.448171119999984,29.57203148000002,0.0029073830756758266,10.557845662892909,1.0625861028929435,1.5513629628929166,2.081156062892923,0.5635551828929479,11.43969482289291
온산,True,2025-07-25,47.530815128299984,34.75374980000004,105293,45.14794862000002,44.81298265999999,0.14799931600547195,44.39256620000003,33.75226994000002,46.07081402000006,32.09794826000001,0.0029073830756758266,12.777065328299948,2.382866508299962,2.7178324682999957,3.1382489282999515,1.4600011082999274,15.432866868299975
온산,True,2023-06-02,39.95177801978263,28.857665300000008,179508,36.85583210000004,36.62511574999999,0.11448531746694968,36.36705524000001,28.474847060000002,36.40807147999999,27.651104239999995,0.0029073830756758266,11.094112719782622,3.0959459197825865,3.326662269782638,3.5847227797826164,3.54370653978264,12.300673779782635
온산,True,2023-08-05,47.062633398002916,35.76377471000001,2092,45.571783100000005,45.464115470000024,0.14149139579349904,45.18554684000003,34.04792867000003,,31.97831756000005,0.0029073830756758266,11.298858688002909,1.4908502980029112,1.5985179280028916,1.8770865580028868,,15.084315838002865
온산,True,2023-08-21,43.225228320327886,37.78553354000002,2457,40.48064231000001,40.34733953,0.22954822954822954,40.20207368000001,37.23352331000001,,33.38141477000002,0.0029073830756758266,5.439694780327869,2.744586010327879,2.877888790327887,3.023154640327874,,9.843813550327866
온산,True,2024-08-07,48.93413537055686,36.89343031999999,54286,46.24513304000004,45.882822920000024,0.13227951878258626,45.47095150999999,35.85093422,45.585455180000054,34.282063040000025,0.0029073830756758266,12.040705050556866,2.689002330556818,3.0513124505568356,3.4631838605568674,3.3486801905568058,14.652072330556834
온산,True,2025-07-25,48.39256164519738,36.28502276000006,24564,42.89205542000002,42.570761540000035,0.1779343487822758,42.29048390000003,34.770839900000055,,30.49489688,0.0029073830756758266,12.107538885197322,5.500506225197363,5.821800105197347,6.102077745197356,,17.897664765197383
포항·제철,False,2020-08-20,48.22369262280141,33.33185348000001,624745,40.80193618999999,40.478933299999994,0.04080048277396542,40.099533080000015,33.21564080000002,39.50821561999999,32.614069280000024,0.0021990824880719624,14.891839142801402,7.421756432801416,7.744759322801414,8.124159542801394,8.715477002801421,15.609623342801385
포항·제철,False,2022-08-26,44.75002266451425,29.055910460000007,568541,35.51938628000005,35.266452800000025,0.037670437755920466,34.96566704000003,28.963623920000032,34.52816048,28.50902726000004,0.0021990824880719624,15.69411220451424,9.230636384514199,9.483569864514223,9.78435562451422,10.22186218451425,16.24099540451421
포항·제철,False,2024-06-12,50.704165975502974,32.95587128,604640,37.65223076000001,37.75477136000001,0.13874509207222882,37.7616074,32.49443858000001,39.88248881000004,32.074022119999995,0.0021990824880719624,17.748294695502977,13.051935215502965,12.949394615502968,12.942558575502972,10.821677165502933,18.63014385550298
포항·제철,False,2024-06-28,47.049762850204104,30.81960878000001,519162,37.72742720000002,37.26941252000006,0.07817911448240791,36.80114378000002,30.542749160000028,36.54821030000005,29.582285540000044,0.0021990824880719624,16.230154070204094,9.322335650204082,9.780350330204044,10.248619070204086,10.501552550204053,17.46747731020406
포항·제철,False,2024-08-31,50.0059024784534,33.74885191999999,308480,41.10101294000003,40.66008836000003,0.06948690434122952,40.23625388000005,33.47882834000001,39.96623030000001,32.86016672000005,0.0021990824880719624,16.257050558453408,8.904889538453368,9.345814118453369,9.769648598453351,10.039672178453394,17.14573575845335
포항·제철,False,2025-08-02,56.84916164189381,36.02867126000001,536086,45.342775759999995,44.80272860000002,0.04799159815920593,44.2558454,35.762065699999994,44.095198460000006,34.562340680000034,0.0021990824880719624,20.820490381893798,11.506385881893813,12.046433041893785,12.59331624189381,12.753963181893802,22.286820961893774
포항·제철,False,2022-07-01,54.26377636651649,35.13656804000004,561903,42.608359759999985,42.10591082000002,0.06098821988364043,41.586371780000036,34.86996248000003,42.37251637999998,33.65656538000002,0.0021990824880719624,19.127208326516445,11.655416606516503,12.157865546516469,12.677404586516452,11.89125998651651,20.60721098651647
포항·제철,False,2023-06-02,45.36061120729041,28.649166079999986,569507,33.04815782000003,33.07892000000004,0.13910223317916354,33.054993860000025,28.239003679999996,34.856290400000034,27.95189000000005,0.0021990824880719624,16.711445127290425,12.312453387290383,12.281691207290372,12.305617347290386,10.504320807290377,17.408721207290363
포항·제철,False,2023-08-05,52.15262363459612,36.12779383999998,248192,44.56346719999999,44.16355886000002,0.05506398478548174,43.75681448,35.76548372000002,43.12106276000003,33.76594202000001,0.0021990824880719624,16.024829794596137,7.589156434596127,7.989064774596095,8.395809154596115,9.031560874596089,18.386681614596107
포항·제철,False,2024-08-23,52.93705918933335,35.01351932,589661,42.656212040000014,42.191361320000055,0.04992113965911982,41.70600248000005,34.83236426000002,41.326602260000016,34.36409551999998,0.0021990824880719624,17.923539869333347,10.280847149333333,10.745697869333291,11.231056709333295,11.610456929333331,18.57296366933337
포항·제철,False,2025-06-23,51.22073088750315,31.45877852000001,559506,36.613152679999985,36.36021920000002,0.10002913383152781,36.12095780000004,31.082796320000057,37.9666886,30.306905780000022,0.0021990824880719624,19.76195236750314,14.607578207503167,14.860511687503134,15.09977308750311,13.254042287503154,20.91382510750313
포항·제철,False,2025-07-09,50.10601603148783,34.10774402000004,285342,42.65963006000004,42.30415598000002,0.08070835786581433,41.870067440000014,33.77277806000001,42.47505697999998,32.808896419999996,0.0021990824880719624,15.998272011487792,7.446385971487793,7.8018600514878145,8.23594859148782,7.6309590514878565,17.297119611487837
포항·제철,False,2025-07-25,50.20506758298757,33.07892000000004,306099,41.904247639999994,41.39838068000006,0.044729259097116496,40.85320649000005,32.91485504000002,40.30803230000001,32.40898808000003,0.0021990824880719624,17.126147582987528,8.300819942987573,8.806686902987508,9.35186109298752,9.89703528298756,17.79607950298754
구미·전자,True,2020-08-20,44.86294140231542,32.774716220000016,664807,41.40179870000003,41.04974263999998,0.07665740038749895,40.64983430000001,32.50811066000006,37.97352464000005,31.39041812000005,0.0013343930638248542,12.088225182315405,3.4611427023153922,3.8131987623154444,4.213107102315412,6.889416762315371,13.472523282315372
구미·전자,True,2022-08-26,36.8269556177156,27.927963859999977,203469,35.05453555999998,34.81869218000003,0.08919601694665343,34.54183255999999,27.57590779999998,31.284459500000025,25.880569880000053,0.0013343930638248542,8.89899175771562,1.772420057715621,2.00826343771557,2.2851230577156088,5.542496117715572,10.946385737715545
구미·전자,True,2024-06-12,47.560062645968195,32.66875760000005,876797,39.52872374000003,39.169831639999984,0.12840118112526247,38.88955400000003,32.12871044000002,40.12687724,31.646769619999986,0.0013343930638248542,14.891305045968146,8.031338905968163,8.39023100596821,8.670508645968162,7.433185405968196,15.913293025968208
구미·전자,True,2024-06-28,45.067302347416366,31.328893760000028,899807,39.21084788000002,38.70839894000005,0.09080320396906283,38.26747436000005,30.96658364000001,38.588768240000036,30.395774300000028,0.0013343930638248542,13.738408587416338,5.856454467416349,6.358903407416314,6.799827987416315,6.47853410741633,14.671528047416338
구미·전자,True,2024-08-31,44.95292924193859,32.34404570000004,663043,40.06535287999998,39.79191128000002,0.08175746807798233,39.51846968000001,31.99882567999998,37.61121452000003,30.604273519999992,0.0013343930638248542,12.608883541938553,4.8875763619386134,5.161017961938569,5.434459561938581,7.341714721938558,14.348655721938599
구미·전자,True,2025-08-02,53.89609558599696,39.32364254000004,82780,47.33206340000004,46.83986851999998,0.06162637575054668,46.38527185999999,39.016020740000044,46.315202450000015,38.20595000000003,0.0013343930638248542,14.572453045996923,6.564032185996922,7.056227065996978,7.510823725996971,7.580893135996945,15.69014558599693
구미·전자,True,2020-06-08,45.71093132543063,32.316701540000054,1123929,38.82461162000004,38.70839894000005,0.1664307366798912,38.54433398000003,31.578409220000026,40.46355221000002,30.96316562000004,0.0013343930638248542,13.394229785430575,6.886319705430587,7.002532385430577,7.166597345430596,5.247379115430611,14.747765705430588
구미·전자,True,2023-06-17,38.869774185580546,29.510507120000057,1172822,35.89878650000003,35.461279940000054,0.11984961880293633,35.13998606000001,29.045656399999984,37.34119094000005,28.457756959999983,0.0013343930638248542,9.35926706558049,2.9709876855805177,3.408494245580492,3.7297881255805336,1.5285832455804993,10.412017225580563
구미·전자,True,2024-08-06,52.542809011592986,37.334354899999994,127687,47.667029360000015,47.2978832,0.1011231554873273,46.86208565000004,36.807979820000014,,35.87827837999998,0.0013343930638248542,15.208454111592992,4.875779651592971,5.244925811592985,5.680723361592946,,16.664530631593003
구미·전자,True,2022-07-01,47.25019051137502,34.13167016,529628,41.84272328000003,41.244569780000006,0.08484792407439229,40.72503074000002,33.80012222000005,39.884197820000054,32.53887284000001,0.0013343930638248542,13.118520351375018,5.407467231374987,6.005620731375011,6.5251597713749945,7.365992691374963,14.711317671375006
구미·전자,True,2023-06-02,42.8212585187097,28.218495560000008,897332,33.91291688000001,33.81721232000001,0.135394645195442,33.694163600000024,27.67844839999998,35.04769952000004,26.759001020000028,0.0013343930638248542,14.60276295870969,8.908341638709686,9.004046198709688,9.127094918709673,7.77355899870966,16.06225749870967
구미·전자,True,2024-08-23,48.87688300807341,33.18146060000004,533375,41.80170704,41.473577120000016,0.07922442451526532,41.145447200000035,32.89776494,41.400089690000016,32.56963502000002,0.0013343930638248542,15.695422408073377,7.075175968073417,7.4033058880733975,7.731435808073378,7.476793318073398,16.307247988073392
구미·전자,True,2025-06-23,43.2984306062021,29.144778980000012,874827,36.46959584000001,35.91929462000002,0.08505581834517982,35.45786192000003,28.86450134000006,36.49181297000001,28.013414360000013,0.0013343930638248542,14.153651626202091,6.8288347662020925,7.379135986202087,7.840568686202076,6.806617636202091,15.28501624620209
구미·전자,True,2025-07-09,50.07242921722438,34.476890180000055,885471,43.89695330000001,43.31930792000003,0.07707841336852556,42.77584274000003,34.12483412000006,42.22212350000001,33.40704992000002,0.0013343930638248542,15.595539037224327,6.175475917224375,6.753121297224354,7.296586477224352,7.850305717224373,16.665379297224362
구미·전자,True,2025-07-25,50.03022888503294,34.65120920000004,799187,44.00974796000003,43.490208919999986,0.07205220775482878,42.96725186000003,34.37434958000006,40.31657735000002,33.36603367999999,0.0013343930638248542,15.379019685032901,6.020480925032913,6.540019965032954,7.062977025032907,9.713651535032923,16.664195205032954
구미·전자,True,2022-06-22,50.12837374863414,35.13656804000004,710731,42.77926076000006,42.181107259999976,0.08378967807294012,41.603461880000054,34.83236426000002,43.179169100000024,35.05795358,0.0013343930638248542,14.991805708634097,7.349112988634083,7.947266488634163,8.524911868634085,6.949204648634115,15.070420168634136
구미·전자,True,2023-06-09,43.348806792589116,29.01831224,533097,35.02035536000005,34.921232780000025,0.1555927821997445,34.81869218000003,28.26634783999998,37.00964300000001,27.579325820000008,0.0013343930638248542,14.330494552589116,8.328451432589063,8.42757401258909,8.530114612589088,6.339163792589105,15.769480972589108
구미·전자,True,2024-06-11,46.21082480029221,31.465614560000006,1145065,37.92909038000005,37.71717314,0.14136822496508827,37.54627214000004,30.891387200000054,40.10466011,30.65212580000002,0.0013343930638248542,14.745210240292202,8.28173442029216,8.493651660292208,8.664552660292166,6.106164690292211,15.558699000292187
구미·전자,True,2024-08-14,53.49520865335777,35.96372888000002,1067012,47.07229388000002,46.604025139999976,0.06926098558374988,46.09815818000004,35.645853020000004,44.768548399999986,34.58626681999999,0.0013343930638248542,17.531479773357752,6.422914773357753,6.891183513357795,7.39705047335773,8.726660253357785,18.90894183335778
구미·전자,True,2025-08-01,49.12027909183765,33.65314736000005,1030920,43.96873172000005,43.4184305,0.07739206183526892,42.864711260000036,33.26007506000002,40.83953441000003,32.067186080000056,0.0013343930638248542,15.467131731837604,5.1515473718376015,5.701848591837653,6.255567831837617,8.280744681837625,17.053093011837596
당진1철강,True,2020-07-17,44.76457689380684,32.60039720000003,250090,37.80262363999998,37.46765768,0.133636425432546,37.084839439999996,32.08769419999999,35.187838339999985,30.37868420000001,0.003710741753208732,12.164179693806808,6.961953253806861,7.296919213806838,7.679737453806844,9.576738553806855,14.38589269380683
당진1철강,True,2023-06-24,46.58291065938985,34.43929195999999,442947,37.084839439999996,36.661004960000014,0.31628140090892465,36.25767860000002,33.789868160000026,36.40465346000002,32.08769419999999,0.003710741753208732,12.143618699389862,9.498071219389857,9.92190569938984,10.325232059389833,10.178257199389833,14.495216459389866
당진1철강,True,2024-06-26,46.782202924684235,32.579889080000044,698043,35.79624590000003,35.31772310000002,0.2313217937954688,34.87338050000005,31.923629240000025,35.23227259999999,29.845473080000033,0.003710741753208732,14.202313844684191,10.985957024684204,11.464479824684211,11.908822424684182,11.549930324684247,16.9367298446842
당진1철강,True,2024-08-29,48.54050457229684,34.09065392000002,342950,39.58341206,39.21084788000002,0.14802349523737307,38.790431420000004,33.19171466,35.80479095000004,30.59060144,0.003710741753208732,14.449850652296817,8.957092512296839,9.329656692296822,9.750073152296835,12.7357136222968,17.94990313229684
당진1철강,True,2023-06-16,43.80077190016414,34.73324167999999,741981,36.2918588,36.07994156000001,0.42002676668908456,35.94663878000006,33.73176182000003,37.47278471000004,31.13064860000003,0.003710741753208732,9.067530220164151,7.508913100164143,7.7208303401641345,7.854133120164086,6.327987190164102,12.670123300164114
당진1철강,True,2023-08-19,50.15458760571998,35.48520608000001,511177,42.46480292000001,42.013624280000045,0.11952062633151202,41.456487020000054,34.887052580000045,37.41638738000006,33.36261566000002,0.003710741753208732,14.66938152571997,7.689784685719971,8.140963325719937,8.698100585719928,12.738200225719922,16.791971945719965
당진1철강,True,2024-06-02,44.48959190018592,31.968063500000028,729304,33.058411879999994,33.16437050000002,0.4308696045656365,33.205386739999994,30.76833848000001,34.64095514000002,28.139881100000025,0.003710741753208732,12.521528400185893,11.431180020185927,11.325221400185903,11.284205160185927,9.848636760185904,16.349710800185896
당진1철강,True,2024-06-18,46.74646158389551,35.73130351999998,761592,38.069229199999995,37.63172264000002,0.3774163898262799,37.28308460000005,34.65462722000001,38.67763676000004,32.32353757999999,0.003710741753208732,11.015158063895527,8.677232383895515,9.114738943895489,9.463376983895458,8.068824823895469,14.422924003895517
당진1철강,True,2025-06-05,41.24887611396433,28.29711001999999,169790,29.67115406000005,29.657481980000057,0.4612181431592091,29.613047720000054,26.536829720000014,29.315679980000027,22.455713840000044,0.003710741753208732,12.951766093964338,11.57772205396428,11.591394133964272,11.635828393964275,11.933196133964302,18.793162273964285
동해북평,True,2020-08-20,42.979367812683726,30.898223239999993,563878,38.79384944000003,38.49477268999999,0.01637236489518104,38.212786040000026,30.85378897999999,37.47107570000003,29.86939921999999,0.00012455980473418846,12.081144572683733,4.1855183726836955,4.484595122683736,4.7665817726837005,5.508292112683698,13.109968592683735
동해북평,True,2021-06-20,37.365401004984044,25.86689780000006,564579,32.54570888000001,32.364553820000026,0.029316012838043685,32.16630866000003,25.80537344000004,31.185336920000054,24.85174586000005,0.00012455980473418846,11.498503204983983,4.819692124984037,5.000847184984018,5.199092344984017,6.180064084983989,12.513655144983993
동해북평,True,2021-08-07,42.00435507322036,31.595499320000044,7693,37.970106620000024,37.83338581999999,0.0769530742233199,37.43689549999999,31.166537810000023,,31.137484640000025,0.00012455980473418846,10.408855753220315,4.034248453220336,4.17096925322037,4.567459573220368,,10.866870433220335
동해북평,True,2022-08-26,36.633361927027046,26.523157640000022,311885,33.27203813000003,33.10113713000001,0.020322570301728283,32.825986520000015,26.45821526000003,32.28935738000001,25.49433362000002,0.00012455980473418846,10.110204287027024,3.361323797027019,3.532224797027034,3.807375407027031,4.344004547027033,11.139028307027026
동해북평,True,2023-07-28,44.37754821410766,34.182940460000054,324913,42.10591082000002,41.68549436000001,0.020889311579148237,41.326602260000016,34.10090797999999,40.441335080000044,33.24469397000004,0.00012455980473418846,10.194607754107608,2.2716373941076426,2.6920538541076553,3.0509459541076467,3.936213134107618,11.13285424410762
동해북평,True,2024-06-12,41.456576967894755,28.204823480000016,560592,36.319202959999984,36.001327100000026,0.036322705169233624,35.71763143999999,28.006578320000017,35.58091064000001,24.861999920000017,0.00012455980473418846,13.251753487894739,5.1373740078947705,5.455249867894729,5.738945527894764,5.875666327894741,16.594577047894738
동해북평,True,2024-06-28,36.69542221622583,27.029024600000014,341226,32.89776494,32.81573246000005,0.024520549551028063,32.63799542000004,26.926484000000016,34.02058450999999,27.459695119999992,0.00012455980473418846,9.666397616225815,3.797657276225827,3.8796897562257797,4.057426796225791,2.674837706225837,9.235727096225837
동해북평,True,2024-08-15,46.216869499349265,35.447607860000005,61116,41.572699700000044,41.34027434000001,0.060431018965489025,41.08221383,35.14682210000001,39.313388480000015,33.75226994000002,0.00012455980473418846,10.76926163934926,4.644169799349221,4.876595159349257,5.134655669349264,6.90348101934925,12.464599559349246
동해북평,True,2020-06-08,42.07522306034217,29.725842380000017,549430,37.73084521999999,37.69495601000003,0.03649236481444406,37.64881274000004,29.599375640000005,35.707377380000025,28.19798744000002,0.00012455980473418846,12.34938068034215,4.344377840342176,4.380267050342141,4.426410320342129,6.367845680342143,13.877235620342148
동해북평,True,2023-06-17,43.19743465220287,32.29619342000001,553751,39.079254109999994,38.959623410000034,0.0278719846283314,38.78017736000004,32.19707084000004,39.556067900000045,30.911895319999985,0.00012455980473418846,10.901241232202864,4.118180542202879,4.237811242202838,4.417257292202834,3.6413667522028277,12.285539332202887
동해북평,True,2024-06-03,36.565343941656074,23.299964779999982,167621,30.894805220000023,30.788846600000056,0.05775667145933885,30.604273519999992,23.036777239999992,31.007599880000015,23.122227740000028,0.00012455980473418846,13.265379161656092,5.670538721656051,5.776497341656018,5.961070421656082,5.557744061656059,13.443116201656046
동해북평,True,2024-06-19,32.72491078571431,29.773694660000046,520573,37.54969016000001,37.183962020000024,0.028203699790614135,36.84899605999999,29.613047720000054,37.43689549999999,23.327308940000023,0.00012455980473418846,2.951216125714261,-4.824779374285704,-4.459051234285717,-4.124085274285683,-4.711984714285684,9.397601845714284
동해북평,True,2025-06-22,39.92267217803799,27.217015700000047,441593,34.57259474,34.40511176000001,0.02169255853978894,34.186358480000024,27.13156520000001,35.153658140000005,25.86689780000006,0.00012455980473418846,12.705656478037945,5.350077438037992,5.517560418037981,5.736313698037968,4.769014038037987,14.055774378037931
동해북평,True,2022-07-01,41.630995590304124,33.47541032000004,443069,38.899808060000055,38.52382585999999,0.017437976237766783,38.212786040000026,33.413885960000016,35.86289729000001,31.55106506000004,0.00012455980473418846,8.155585270304087,2.7311875303040694,3.107169730304136,3.4182095503040983,5.768098300304118,10.079930530304082
동해북평,True,2023-06-02,35.253392821838375,25.03631894,304233,31.76981834000003,31.612589420000006,0.03509809915426663,31.45023347000003,24.95428646000005,,23.747725400000036,0.00012455980473418846,10.217073881838374,3.483574481838346,3.640803401838369,3.803159351838346,,11.50566742183834
동해북평,True,2023-08-05,48.8229746344681,36.493521980000025,325622,45.20947297999999,44.96679356000004,0.024075552825552824,44.71386008000002,36.38756336000006,44.28318955999998,34.89730664000001,0.00012455980473418846,12.329452654468078,3.6135016544681164,3.8561810744680614,4.109114554468086,4.539785074468121,13.925667994468093
동해북평,True,2024-06-04,37.03520455626796,22.90689248000001,554075,31.766400320000002,31.650187640000013,0.04142459305463058,31.51004882000001,22.753081580000014,32.44316828000001,21.488414180000007,0.00012455980473418846,14.128312076267953,5.268804236267961,5.385016916267951,5.525155736267955,4.5920362762679545,15.546790376267957
동해북평,True,2024-08-23,45.380543524642874,32.661921559999996,185175,40.82244431000004,40.535330630000004,0.02588045949697287,40.19181962000005,32.514946699999996,38.89639004000003,29.992447940000034,0.00012455980473418846,12.718621964642878,4.558099214642837,4.84521289464287,5.188723904642828,6.484153484642846,15.38809558464284
동해북평,True,2025-07-09,44.30845755020094,33.26349307999999,180768,40.48918736000002,40.20207368000001,0.05037949194547708,39.90812396000001,33.0447398,38.21962208000002,33.14386238000003,0.00012455980473418846,11.044964470200952,3.8192701902009247,4.106383870200929,4.40033359020093,6.0888354702009195,11.164595170200911
동해북평,True,2025-07-25,50.21011801081342,35.187838339999985,570117,44.030256080000015,43.78244963,0.021827711230115364,43.53464317999999,35.068207640000026,43.597876550000024,32.41924214000005,0.00012455980473418846,15.022279670813433,6.179861930813402,6.427668380813415,6.675474830813428,6.612241460813394,17.790875870813366
동해북평,True,2023-06-09,36.11264207402557,25.901077999999984,374223,31.889449040000045,31.817670620000058,0.02896684044989458,31.711712000000034,25.80879146000001,32.43291422000004,25.00555675999999,0.00012455980473418846,10.211564074025588,4.2231930340255275,4.294971454025514,4.400930074025538,3.679727854025529,11.107085314025582
동해북평,True,2024-06-11,38.76783128157653,26.929902019999986,503097,35.37924745999999,35.16733022000005,0.02545831122030145,34.986175160000016,26.810271320000027,37.460821640000006,26.786345180000012,0.00012455980473418846,11.83792926157654,3.388583821576539,3.600501061576473,3.7816561215765105,1.3070096415765207,11.981486101576515
동해 북평2,True,2020-08-20,42.167734498135616,30.88113314000003,559595,38.838283700000034,38.55117002000003,0.016270724846942603,38.25722030000003,30.83669888000003,37.32068282,30.071062400000017,0.00013978845347374308,11.286601358135584,3.329450798135582,3.6165644781355866,3.910514198135587,4.847051678135614,12.096672098135599
동해 북평2,True,2021-06-20,37.39096464932205,25.798537399999987,560548,32.50469264000003,32.337209659999985,0.028920275234104197,32.14238252000001,25.743849080000018,31.434852380000052,24.882508040000005,0.00013978845347374308,11.592427249322064,4.88627200932202,5.053754989322066,5.248582129322038,5.9561122693219986,12.508456609322046
동해 북평2,True,2021-08-07,42.54473200307694,31.68778586000002,8226,37.864148,37.758189379999976,0.07938244590323365,37.327518860000026,31.255406330000028,,31.202427020000016,0.00013978845347374308,10.856946143076918,4.6805840030769374,4.786542623076961,5.217213143076911,,11.342304983076922
동해 북평2,True,2022-08-26,34.765278375932226,26.54024774000004,323259,33.23443990999999,33.06524792000005,0.02005915036319313,32.778134239999986,26.475305359999993,32.66021255000001,25.815627500000005,0.00013978845347374308,8.225030635932185,1.5308384659322343,1.700030455932179,1.9871441359322404,2.105065825932215,8.949650875932221
동해 북평2,True,2023-07-28,43.517214357297306,34.00520342000004,310878,42.13667300000003,41.723092580000014,0.021327380109885868,41.347110380000004,33.93342500000006,40.285815170000006,33.547188740000024,0.00013978845347374308,9.512010937297262,1.3805413572972753,1.794121777297292,2.170103977297302,3.231399187297299,9.970025617297281
동해 북평2,True,2024-06-12,41.35730650745764,28.300528040000017,558145,36.332875039999976,36.018417200000044,0.03584411768394612,35.72104946000002,28.11595496000001,35.334813199999985,25.44306332000002,0.00013978845347374308,13.056778467457626,5.024431467457667,5.338889307457599,5.636257047457626,6.022493307457658,15.914243187457622
동해 북평2,True,2024-06-28,36.366485570000016,26.899139840000032,342294,32.76788018000002,32.72515493000003,0.022845991142065838,32.56621700000005,26.806853300000057,33.85481054000002,27.54172760000006,0.00013978845347374308,9.467345729999984,3.598605389999996,3.6413306399999854,3.8002685699999645,2.5116750299999993,8.824757969999958
동해 북평2,True,2024-08-15,45.987103984171796,35.82700808000004,57365,41.750436740000055,41.507757320000024,0.06481755896863722,41.261659880000025,35.53647638000001,,33.77277806000001,0.00013978845347374308,10.160095904171754,4.236667244171741,4.479346664171771,4.725444104171771,,12.214325924171789
동해 북평2,True,2020-06-08,42.7219171984746,29.67457208000002,540691,37.78211552000005,37.73426324000002,0.03544353429222976,37.68641095999999,29.55494138000006,35.73130352000001,28.28343794,0.00013978845347374308,13.047345118474581,4.939801678474552,4.987653958474581,5.0355062384746105,6.990613678474588,14.438479258474601
동해 북평2,True,2023-06-17,42.526143826949166,32.37138986000002,545179,39.10488926000005,39.00918469999999,0.027659110043967695,38.851955780000026,32.27910331999999,39.71329682000001,31.527138920000027,0.00013978845347374308,10.154753966949144,3.4212545669491163,3.5169591269491747,3.6741880469491406,2.8128470069491556,10.99900490694914
동해 북평2,True,2024-06-03,36.53563686928574,23.330726959999993,172123,30.81619076000004,30.68630600000006,0.055595256770025386,30.50515094000002,23.05386734000001,30.624781640000037,22.889802379999992,0.00013978845347374308,13.204909909285746,5.719446109285698,5.84933086928568,6.030485929285717,5.910855229285701,13.645834489285747
동해 북평2,True,2025-06-22,39.12707742372883,27.220433720000017,441606,34.67342633000001,34.51790642000003,0.021646482305093345,34.29573512000002,27.138401240000007,35.08529773999999,26.403526940000006,0.00013978845347374308,11.906643703728811,4.453651093728816,4.609171003728797,4.83134230372881,4.041779683728841,12.723550483728822
동해 북평2,True,2022-07-01,39.4003741923729,33.37628774000001,437048,38.60414933000004,38.12049950000005,0.01847669648107597,37.7616074,33.318181400000014,35.58774668000001,31.85185081999998,0.00013978845347374308,6.024086452372892,0.7962248623728598,1.2798746923728501,1.6387667923728984,3.8126275123728917,7.5485233723729195
동해 북평2,True,2023-06-02,34.52017544457628,25.077335179999977,309829,31.76127329000002,31.60575338000001,0.03347007542870422,31.455360499999983,24.99872072000005,,23.894700260000036,0.00013978845347374308,9.442840264576304,2.758902154576262,2.9144220645762715,3.064814944576298,,10.625475184576246
동해 북평2,True,2023-08-05,50.06220150075474,36.466177819999984,319094,45.20947297999999,44.95653950000002,0.024286054558218834,44.68651592000003,36.36021920000002,43.94309657000002,35.396337560000006,0.00013978845347374308,13.596023680754755,4.852728520754752,5.1056620007547195,5.3756855807547055,6.119104930754716,14.665863940754733
동해 북평2,True,2024-06-04,36.661738772203414,22.865876240000034,549046,31.773236360000055,31.66044169999998,0.04071120760311672,31.52030288000003,22.72231940000006,32.32011956000002,21.936174800000003,0.00013978845347374308,13.79586253220338,4.8885024122033585,5.001297072203435,5.141435892203383,4.3416192122033905,14.72556397220341
동해 북평2,True,2024-08-23,44.92003234288138,32.69610176000003,192997,40.89934976000001,40.56780182,0.02526155424627295,40.23283586000002,32.562798980000025,38.510153779999996,30.31374182000002,0.00013978845347374308,12.223930582881344,4.020682582881371,4.352230522881378,4.687196482881355,6.4098785628813815,14.606290522881359
동해 북평2,True,2025-07-09,44.32268024305086,33.24640298000003,190194,40.38322874000005,40.10636912000001,0.047682892204801416,39.819255440000006,33.0447398,37.93592641999999,32.85503969000001,0.00013978845347374308,11.076277263050834,3.9394515030508117,4.2163111230508505,4.503424803050855,6.386753823050874,11.467640553050849
동해 북평2,True,2025-07-25,48.933299560339,35.20834646000003,566069,43.92771548000002,43.702126160000034,0.022096870787717757,43.48679090000002,35.09555180000001,43.23214841000001,33.04132178000003,0.00013978845347374308,13.724953100338972,5.005584080338984,5.231173400338967,5.446508660338985,5.701151150338994,15.89197778033897
동해 북평2,True,2023-06-09,34.20417273677968,25.92158612000003,364642,31.933883300000048,31.86552290000003,0.0292810149216074,31.766400320000002,25.829299579999997,32.49614759000002,25.241400139999996,0.00013978845347374308,8.282586616779653,2.2702894367796347,2.338649836779652,2.43777241677968,1.7080251467796614,8.962772596779686
동해 북평2,True,2024-06-11,38.69828971135595,27.039278660000036,491219,35.54331242000001,35.35873934000006,0.02502956929597593,35.215182500000026,26.923065980000047,37.35828104000001,27.579325820000008,0.00013978845347374308,11.659011051355911,3.154977291355941,3.339550371355891,3.4831072113559216,1.340008671355939,11.11896389135594
현대제철 인천,False,2020-07-17,41.695377668945035,35.98081897999998,207201,38.48964566000001,38.20253198,0.41782177262109305,37.94276246000004,34.31966126000003,36.88488527000004,32.238087080000014,0.0036836305617943136,5.714558688945054,3.205732008945027,3.4928456889450317,3.752615208944995,4.810492398944994,9.457290588945021
현대제철 인천,False,2023-06-24,41.95866273844423,36.57213644000001,216074,38.76650528000005,38.42812130000004,0.4902945423578199,38.069229199999995,34.16243234000001,36.73620140000003,32.61577829000001,0.0036836305617943136,5.386526298444224,3.1921574584441856,3.530541438444189,3.889433538444237,5.222461338444205,9.342884448444224
현대제철 인천,False,2024-06-26,43.47090235125454,38.01112286,594229,40.393482800000015,40.13371328000005,0.40144223892025616,39.86368970000001,35.22543656000005,39.98502941000004,31.91679320000003,0.0036836305617943136,5.459779491254537,3.077419551254522,3.3371890712544854,3.607212651254528,3.485872941254499,11.554109151254508
현대제철 인천,False,2024-08-29,48.64914685107719,39.62784632,700266,42.929653640000026,42.72799046,0.298560966135003,42.51949123999998,37.621468580000055,41.470159100000046,33.84455648000005,0.0036836305617943136,9.021300531077188,5.719493211077165,5.92115639107719,6.129655611077212,7.178987751077145,14.80459037107714
현대제철 인천,False,2023-06-16,43.00839807450431,37.47107570000003,640592,39.781657220000056,39.487707500000056,0.42499219432996127,39.231356000000005,34.97933912000002,39.03823787000002,30.566675300000043,0.0036836305617943136,5.537322374504285,3.226740854504257,3.5206905745042576,3.7770420745043083,3.970160204504296,12.44172277450427
현대제철 인천,False,2023-08-19,51.77090310282395,41.897411600000055,573501,46.063977980000004,45.77344628000003,0.2915208486998007,45.49316864000002,40.10978713999998,44.95995751999999,36.73620140000003,0.0036836305617943136,9.873491502823896,5.706925122823947,5.997456822823921,6.277734462823929,6.810945582823962,15.034701702823924
현대제철 인천,False,2024-06-02,41.50344272259765,35.91245858000002,611418,37.61805056000003,37.43347748000002,0.44968333311524317,37.26257648000001,33.072083959999986,37.39246123999999,29.257573640000032,0.0036836305617943136,5.590984142597627,3.8853921625976184,4.069965242597625,4.24086624259764,4.1109814825976585,12.245869082597615
현대제철 인천,False,2024-06-18,43.553545406841195,39.69278870000005,598235,41.63422406000001,41.37445453999999,0.46139508603944407,41.12493907999999,36.544792280000024,40.72844875999999,32.39531599999998,0.0036836305617943136,3.860756706841144,1.919321346841187,2.1790908668412072,2.428606326841205,2.825096646841203,11.158229406841215
현대제철 인천,False,2025-06-05,35.151352690406895,32.45684036,488521,33.642893300000026,33.530098640000006,0.5248420186404699,33.41730398000004,30.047136260000002,34.08894491000001,27.374244620000013,0.0036836305617943136,2.6945123304068943,1.5084593904068697,1.6212540504068897,1.734048710406853,1.062407780406886,7.777108070406882
동국제강 인천,False,2020-07-17,41.13335238221501,35.99449106000003,201545,38.49306367999998,38.212786040000026,0.41939069167410936,37.953016520000006,34.29573512000002,36.881467250000014,32.238087080000014,0.003737196729402852,5.138861322214979,2.640288702215031,2.9205663422149826,3.180335862215003,4.251885132214994,8.895265302214995
동국제강 인천,False,2023-06-24,41.87539982965379,36.56871841999998,214843,38.756251220000024,38.42128525999999,0.48837263426395705,38.062393160000056,34.135088180000025,37.197634100000016,32.622614330000005,0.003737196729402852,5.306681409653805,3.119148609653763,3.4541145696537967,3.8130066696537313,4.677765729653771,9.252785499653783
동국제강 인천,False,2024-06-26,43.09736818950081,38.01795890000005,593194,40.40373685999998,40.14396734000002,0.4002039852995718,39.87736178,35.22201854000002,39.921796040000004,31.824506659999997,0.003737196729402852,5.079409289500759,2.693631329500832,2.9534008495007953,3.2200064095008116,3.175572149500809,11.272861529500815
동국제강 인천,False,2024-08-29,48.12819526315172,39.62101028000001,696625,42.92281760000003,42.721154420000005,0.2976901973001337,42.51265520000004,37.61463254,41.45306900000003,33.75739697000003,0.003737196729402852,8.50718498315171,5.205377663151687,5.407040843151712,5.615540063151677,6.675126263151689,14.370798293151687
동국제강 인천,False,2023-06-16,42.633170500348264,37.477911740000025,637666,39.788493259999996,39.494543539999995,0.4232365275377411,39.24502808,34.96566704000003,38.99209460000003,30.450462620000053,0.003737196729402852,5.155258760348239,2.8446772403482683,3.138626960348269,3.3881424203482666,3.641075900348234,12.182707880348211
동국제강 인천,False,2023-08-19,51.297810179519594,41.89057556,576307,46.05030590000001,45.76661023999998,0.2905456406874951,45.489750619999995,40.09269704000002,45.08984228000003,36.643914859999995,0.003737196729402852,9.407234619519592,5.247504279519582,5.531199939519617,5.808059559519599,6.207967899519566,14.653895319519599
동국제강 인천,False,2024-06-02,41.066032285015076,35.91245858000002,609505,37.624886600000025,37.44031352000002,0.4471700125521983,37.27283054000003,33.04815782000003,37.34119094000005,29.13110690000002,0.003737196729402852,5.153573705015056,3.4411456850150515,3.6257187650150584,3.793201745015047,3.7248413450150295,11.934925385015056
동국제강 인천,False,2024-06-18,43.13684487643358,39.70646078000004,596705,41.641060100000004,41.38470860000001,0.4594860931414283,41.13861115999998,36.544792280000024,40.69597757,32.28935738000001,0.003737196729402852,3.430384096433535,1.4957847764335739,1.7521362764335677,1.998233716433596,2.4408673064335815,10.847487496433565
동국제강 인천,False,2025-06-05,34.44517855000002,32.42949620000002,489132,33.612131120000015,33.50275448000002,0.5214488119431303,33.38995982000006,30.036882200000036,34.13167016,27.23752381999998,0.003737196729402852,2.015682350000006,0.8330474300000077,0.9424240700000013,1.0552187299999645,0.31350839000002395,7.207654730000044
심팩 포항,False,2020-08-20,46.990042788522054,33.31134536000002,720389,41.54877356000003,41.10443096000006,0.04804211180951958,40.63616222000002,33.174624559999984,39.788493260000024,32.65508552000006,0.0023913467682383236,13.678697428522035,5.4412692285220245,5.885611828521995,6.353880568522037,7.20154952852203,14.334957268521997
심팩 포항,False,2022-08-26,42.056112140138346,29.055910460000007,658986,36.069687499999986,35.758647680000024,0.04588006598085827,35.37582944000002,28.943115799999987,34.712733560000004,28.597895780000044,0.0023913467682383236,13.000201680138339,5.98642464013836,6.297464460138322,6.680282700138328,7.343378580138342,13.458216360138302
심팩 포항,False,2024-06-12,47.149233785846796,32.921691080000016,697327,38.212786040000026,38.22645812000002,0.1399628004893012,38.178605840000046,32.446586300000035,40.48235132000002,32.09794826000001,0.0023913467682383236,14.22754270584678,8.93644774584677,8.922775665846778,8.97062794584675,6.666882465846776,15.051285525846787
심팩 포항,False,2024-06-28,45.31143865958527,30.85037096000002,607678,38.48964566000001,37.94618048000001,0.08477875931435794,37.395879260000015,30.542749160000028,37.04040517999999,29.363532260000056,0.0023913467682383236,14.46106769958525,6.821792999585263,7.365258179585261,7.915559399585256,8.271033479585277,15.947906399585214
심팩 포항,False,2024-08-31,44.16606367648026,33.759105980000015,369715,41.31293018000002,40.89934976000001,0.07930548530282908,40.48918736000002,33.430976060000035,40.3763927,32.81573246000005,0.0023913467682383236,10.406957696480248,2.8531334964802397,3.2667139164802563,3.6768763164802465,3.7896709764802665,11.350331216480214
심팩 포항,False,2025-08-02,52.82788808249568,36.01499918000002,602254,45.80762648000001,45.29834149999999,0.0582241992823471,44.751458300000024,35.71421342000002,44.30882471000004,34.72982366000002,0.0023913467682383236,16.812888902495665,7.0202616024956725,7.529546582495691,8.076429782495659,8.519063372495644,18.09806442249566
심팩 포항,False,2022-07-01,49.84547272947248,35.13998606000001,652264,43.43552060000002,42.83053106,0.06910831492233652,42.18794330000003,34.856290400000034,42.81002294000001,33.82746638000003,0.0023913467682383236,14.70548666947247,6.409952129472465,7.014941669472485,7.657529429472454,7.035449789472473,16.01800634947245
심팩 포항,False,2023-06-02,41.80973919010947,28.611567860000036,651552,33.21905881999999,33.22931288000001,0.1371244131275257,33.19171466,28.21507754000004,35.34164924000004,28.05101258000002,0.0023913467682383236,13.198171330109432,8.590680370109482,8.580426310109459,8.618024530109466,6.46808995010943,13.758726610109449
심팩 포항,False,2023-08-05,48.564259610000015,36.35680118000005,281232,46.193862739999986,45.684577760000025,0.07670124208362818,45.13769456,35.81675402000002,43.914043400000025,33.742015880000054,0.0023913467682383236,12.207458429999967,2.370396870000029,2.87968184999999,3.426565050000015,4.650216209999989,14.822243729999961
심팩 포항,False,2024-08-07,53.00802741200002,36.613152679999985,207998,45.92042114000003,45.38550101000001,0.07018572919020534,44.83007276000001,36.28844078000003,44.177230940000015,35.22030953000001,0.0023913467682383236,16.394874732000034,7.087606271999988,7.622526402000005,8.177954652000011,8.830796472000003,17.78771788200001
심팩 포항,False,2024-08-23,50.1415446053984,35.05111754000001,675085,43.51755308000003,42.980923940000025,0.05871347628041329,42.43745876000003,34.84261832000004,41.82905119999998,34.53499652000005,0.0023913467682383236,15.090427065398394,6.623991525398374,7.160620665398376,7.7040858453983745,8.31249340539842,15.606548085398352
심팩 포항,False,2025-06-23,48.04433734918461,31.39725415999999,660937,37.31726480000003,36.89684834000002,0.10229497580652483,36.55504633999999,31.01785394000001,38.493063680000034,30.371848160000013,0.0023913467682383236,16.64708318918462,10.727072549184577,11.14748900918459,11.489291009184619,9.551273669184575,17.672489189184596
심팩 포항,False,2025-07-09,46.91259450990101,33.95393311999999,340955,43.196259199999986,42.76900669999998,0.08410864081656597,42.32124608000004,33.58820498,42.73653551000001,32.82256849999999,0.0023913467682383236,12.958661389901025,3.7163353099010266,4.143587809901035,4.591348429900975,4.176058999901002,14.090026009901024
심팩 포항,False,2025-07-25,50.26982881640211,33.34210754000003,370527,43.13131682000005,42.56050748000001,0.06093239300529812,41.95209992000002,33.119936240000015,40.936947980000014,32.49785659999998,0.0023913467682383236,16.92772127640208,7.138511996402059,7.709321336402098,8.317728896402087,9.332880836402097,17.771972216402133
